"id","name","code","departamento_id","created_at","updated_at"
"1","MEDELLÍN","05001","2","2024-12-07 20:54:32","2024-12-07 20:54:32"
"2","ABEJORRAL","05002","2","2024-12-07 20:54:32","2024-12-07 20:54:32"
"3","ABRIAQUÍ","05004","2","2024-12-07 20:54:32","2024-12-07 20:54:32"
"4","ALEJANDRÍA","05021","2","2024-12-07 20:54:32","2024-12-07 20:54:32"
"5","AMAGÁ","05030","2","2024-12-07 20:54:32","2024-12-07 20:54:32"
"6","AMALFI","05031","2","2024-12-07 20:54:32","2024-12-07 20:54:32"
"7","ANDES","05034","2","2024-12-07 20:54:32","2024-12-07 20:54:32"
"8","ANGELÓPOLIS","05036","2","2024-12-07 20:54:32","2024-12-07 20:54:32"
"9","ANGOSTURA","05038","2","2024-12-07 20:54:32","2024-12-07 20:54:32"
"10","ANORÍ","05040","2","2024-12-07 20:54:32","2024-12-07 20:54:32"
"11","SANTAFÉ DE ANTIOQUIA","05042","2","2024-12-07 20:54:32","2024-12-07 20:54:32"
"12","ANZA","05044","2","2024-12-07 20:54:32","2024-12-07 20:54:32"
"13","APARTADÓ","05045","2","2024-12-07 20:54:32","2024-12-07 20:54:32"
"14","ARBOLETES","05051","2","2024-12-07 20:54:32","2024-12-07 20:54:32"
"15","ARGELIA","05055","2","2024-12-07 20:54:32","2024-12-07 20:54:32"
"16","ARMENIA","05059","2","2024-12-07 20:54:32","2024-12-07 20:54:32"
"17","BARBOSA","05079","2","2024-12-07 20:54:32","2024-12-07 20:54:32"
"18","BELMIRA","05086","2","2024-12-07 20:54:32","2024-12-07 20:54:32"
"19","BELLO","05088","2","2024-12-07 20:54:32","2024-12-07 20:54:32"
"20","BETANIA","05091","2","2024-12-07 20:54:32","2024-12-07 20:54:32"
"21","BETULIA","05093","2","2024-12-07 20:54:32","2024-12-07 20:54:32"
"22","CIUDAD BOLÍVAR","05101","2","2024-12-07 20:54:32","2024-12-07 20:54:32"
"23","BRICEÑO","05107","2","2024-12-07 20:54:32","2024-12-07 20:54:32"
"24","BURITICÁ","05113","2","2024-12-07 20:54:32","2024-12-07 20:54:32"
"25","CÁCERES","05120","2","2024-12-07 20:54:32","2024-12-07 20:54:32"
"26","CAICEDO","05125","2","2024-12-07 20:54:32","2024-12-07 20:54:32"
"27","CALDAS","05129","2","2024-12-07 20:54:32","2024-12-07 20:54:32"
"28","CAMPAMENTO","05134","2","2024-12-07 20:54:32","2024-12-07 20:54:32"
"29","CAÑASGORDAS","05138","2","2024-12-07 20:54:32","2024-12-07 20:54:32"
"30","CARACOLÍ","05142","2","2024-12-07 20:54:32","2024-12-07 20:54:32"
"31","CARAMANTA","05145","2","2024-12-07 20:54:32","2024-12-07 20:54:32"
"32","CAREPA","05147","2","2024-12-07 20:54:32","2024-12-07 20:54:32"
"33","EL CARMEN DE VIBORAL","05148","2","2024-12-07 20:54:32","2024-12-07 20:54:32"
"34","CAROLINA","05150","2","2024-12-07 20:54:32","2024-12-07 20:54:32"
"35","CAUCASIA","05154","2","2024-12-07 20:54:32","2024-12-07 20:54:32"
"36","CHIGORODÓ","05172","2","2024-12-07 20:54:32","2024-12-07 20:54:32"
"37","CISNEROS","05190","2","2024-12-07 20:54:32","2024-12-07 20:54:32"
"38","COCORNÁ","05197","2","2024-12-07 20:54:32","2024-12-07 20:54:32"
"39","CONCEPCIÓN","05206","2","2024-12-07 20:54:32","2024-12-07 20:54:32"
"40","CONCORDIA","05209","2","2024-12-07 20:54:32","2024-12-07 20:54:32"
"41","COPACABANA","05212","2","2024-12-07 20:54:32","2024-12-07 20:54:32"
"42","DABEIBA","05234","2","2024-12-07 20:54:32","2024-12-07 20:54:32"
"43","DON MATÍAS","05237","2","2024-12-07 20:54:32","2024-12-07 20:54:32"
"44","EBÉJICO","05240","2","2024-12-07 20:54:32","2024-12-07 20:54:32"
"45","EL BAGRE","05250","2","2024-12-07 20:54:32","2024-12-07 20:54:32"
"46","ENTRERRIOS","05264","2","2024-12-07 20:54:32","2024-12-07 20:54:32"
"47","ENVIGADO","05266","2","2024-12-07 20:54:32","2024-12-07 20:54:32"
"48","FREDONIA","05282","2","2024-12-07 20:54:32","2024-12-07 20:54:32"
"49","FRONTINO","05284","2","2024-12-07 20:54:32","2024-12-07 20:54:32"
"50","GIRALDO","05306","2","2024-12-07 20:54:32","2024-12-07 20:54:32"
"51","GIRARDOTA","05308","2","2024-12-07 20:54:32","2024-12-07 20:54:32"
"52","GÓMEZ PLATA","05310","2","2024-12-07 20:54:32","2024-12-07 20:54:32"
"53","GRANADA","05313","2","2024-12-07 20:54:32","2024-12-07 20:54:32"
"54","GUADALUPE","05315","2","2024-12-07 20:54:32","2024-12-07 20:54:32"
"55","GUARNE","05318","2","2024-12-07 20:54:32","2024-12-07 20:54:32"
"56","GUATAPE","05321","2","2024-12-07 20:54:32","2024-12-07 20:54:32"
"57","HELICONIA","05347","2","2024-12-07 20:54:32","2024-12-07 20:54:32"
"58","HISPANIA","05353","2","2024-12-07 20:54:32","2024-12-07 20:54:32"
"59","ITAGUI","05360","2","2024-12-07 20:54:32","2024-12-07 20:54:32"
"60","ITUANGO","05361","2","2024-12-07 20:54:32","2024-12-07 20:54:32"
"61","JARDÍN","05364","2","2024-12-07 20:54:32","2024-12-07 20:54:32"
"62","JERICÓ","05368","2","2024-12-07 20:54:32","2024-12-07 20:54:32"
"63","LA CEJA","05376","2","2024-12-07 20:54:32","2024-12-07 20:54:32"
"64","LA ESTRELLA","05380","2","2024-12-07 20:54:32","2024-12-07 20:54:32"
"65","LA PINTADA","05390","2","2024-12-07 20:54:32","2024-12-07 20:54:32"
"66","LA UNIÓN","05400","2","2024-12-07 20:54:32","2024-12-07 20:54:32"
"67","LIBORINA","05411","2","2024-12-07 20:54:32","2024-12-07 20:54:32"
"68","MACEO","05425","2","2024-12-07 20:54:32","2024-12-07 20:54:32"
"69","MARINILLA","05440","2","2024-12-07 20:54:32","2024-12-07 20:54:32"
"70","MONTEBELLO","05467","2","2024-12-07 20:54:32","2024-12-07 20:54:32"
"71","MURINDÓ","05475","2","2024-12-07 20:54:32","2024-12-07 20:54:32"
"72","MUTATÁ","05480","2","2024-12-07 20:54:32","2024-12-07 20:54:32"
"73","NARIÑO","05483","2","2024-12-07 20:54:32","2024-12-07 20:54:32"
"74","NECOCLÍ","05490","2","2024-12-07 20:54:32","2024-12-07 20:54:32"
"75","NECHÍ","05495","2","2024-12-07 20:54:32","2024-12-07 20:54:32"
"76","OLAYA","05501","2","2024-12-07 20:54:32","2024-12-07 20:54:32"
"77","PEÑOL","05541","2","2024-12-07 20:54:32","2024-12-07 20:54:32"
"78","PEQUE","05543","2","2024-12-07 20:54:32","2024-12-07 20:54:32"
"79","PUEBLORRICO","05576","2","2024-12-07 20:54:32","2024-12-07 20:54:32"
"80","PUERTO BERRÍO","05579","2","2024-12-07 20:54:32","2024-12-07 20:54:32"
"81","PUERTO NARE","05585","2","2024-12-07 20:54:32","2024-12-07 20:54:32"
"82","PUERTO TRIUNFO","05591","2","2024-12-07 20:54:32","2024-12-07 20:54:32"
"83","REMEDIOS","05604","2","2024-12-07 20:54:32","2024-12-07 20:54:32"
"84","RETIRO","05607","2","2024-12-07 20:54:32","2024-12-07 20:54:32"
"85","RIONEGRO","05615","2","2024-12-07 20:54:32","2024-12-07 20:54:32"
"86","SABANALARGA","05628","2","2024-12-07 20:54:32","2024-12-07 20:54:32"
"87","SABANETA","05631","2","2024-12-07 20:54:32","2024-12-07 20:54:32"
"88","SALGAR","05642","2","2024-12-07 20:54:32","2024-12-07 20:54:32"
"89","SAN ANDRÉS DE CUERQUÍA","05647","2","2024-12-07 20:54:32","2024-12-07 20:54:32"
"90","SAN CARLOS","05649","2","2024-12-07 20:54:32","2024-12-07 20:54:32"
"91","SAN FRANCISCO","05652","2","2024-12-07 20:54:32","2024-12-07 20:54:32"
"92","SAN JERÓNIMO","05656","2","2024-12-07 20:54:32","2024-12-07 20:54:32"
"93","SAN JOSÉ DE LA MONTAÑA","05658","2","2024-12-07 20:54:32","2024-12-07 20:54:32"
"94","SAN JUAN DE URABÁ","05659","2","2024-12-07 20:54:32","2024-12-07 20:54:32"
"95","SAN LUIS","05660","2","2024-12-07 20:54:32","2024-12-07 20:54:32"
"96","SAN PEDRO","05664","2","2024-12-07 20:54:32","2024-12-07 20:54:32"
"97","SAN PEDRO DE URABA","05665","2","2024-12-07 20:54:32","2024-12-07 20:54:32"
"98","SAN RAFAEL","05667","2","2024-12-07 20:54:32","2024-12-07 20:54:32"
"99","SAN ROQUE","05670","2","2024-12-07 20:54:32","2024-12-07 20:54:32"
"100","SAN VICENTE","05674","2","2024-12-07 20:54:32","2024-12-07 20:54:32"
"101","SANTA BÁRBARA","05679","2","2024-12-07 20:54:32","2024-12-07 20:54:32"
"102","SANTA ROSA DE OSOS","05686","2","2024-12-07 20:54:32","2024-12-07 20:54:32"
"103","SANTO DOMINGO","05690","2","2024-12-07 20:54:32","2024-12-07 20:54:32"
"104","EL SANTUARIO","05697","2","2024-12-07 20:54:32","2024-12-07 20:54:32"
"105","SEGOVIA","05736","2","2024-12-07 20:54:32","2024-12-07 20:54:32"
"106","SONSON","05756","2","2024-12-07 20:54:32","2024-12-07 20:54:32"
"107","SOPETRÁN","05761","2","2024-12-07 20:54:32","2024-12-07 20:54:32"
"108","TÁMESIS","05789","2","2024-12-07 20:54:32","2024-12-07 20:54:32"
"109","TARAZÁ","05790","2","2024-12-07 20:54:32","2024-12-07 20:54:32"
"110","TARSO","05792","2","2024-12-07 20:54:32","2024-12-07 20:54:32"
"111","TITIRIBÍ","05809","2","2024-12-07 20:54:32","2024-12-07 20:54:32"
"112","TOLEDO","05819","2","2024-12-07 20:54:32","2024-12-07 20:54:32"
"113","TURBO","05837","2","2024-12-07 20:54:32","2024-12-07 20:54:32"
"114","URAMITA","05842","2","2024-12-07 20:54:32","2024-12-07 20:54:32"
"115","URRAO","05847","2","2024-12-07 20:54:32","2024-12-07 20:54:32"
"116","VALDIVIA","05854","2","2024-12-07 20:54:32","2024-12-07 20:54:32"
"117","VALPARAÍSO","05856","2","2024-12-07 20:54:32","2024-12-07 20:54:32"
"118","VEGACHÍ","05858","2","2024-12-07 20:54:32","2024-12-07 20:54:32"
"119","VENECIA","05861","2","2024-12-07 20:54:32","2024-12-07 20:54:32"
"120","VIGÍA DEL FUERTE","05873","2","2024-12-07 20:54:32","2024-12-07 20:54:32"
"121","YALÍ","05885","2","2024-12-07 20:54:32","2024-12-07 20:54:32"
"122","YARUMAL","05887","2","2024-12-07 20:54:32","2024-12-07 20:54:32"
"123","YOLOMBÓ","05890","2","2024-12-07 20:54:32","2024-12-07 20:54:32"
"124","YONDÓ","05893","2","2024-12-07 20:54:32","2024-12-07 20:54:32"
"125","ZARAGOZA","05895","2","2024-12-07 20:54:32","2024-12-07 20:54:32"
"126","BARRANQUILLA","08001","4","2024-12-07 20:57:40","2024-12-07 20:57:40"
"127","BARANOA","08078","4","2024-12-07 20:57:40","2024-12-07 20:57:40"
"128","CAMPO DE LA CRUZ","08137","4","2024-12-07 20:57:40","2024-12-07 20:57:40"
"129","CANDELARIA","08141","4","2024-12-07 20:57:40","2024-12-07 20:57:40"
"130","GALAPA","08296","4","2024-12-07 20:57:40","2024-12-07 20:57:40"
"131","JUAN DE ACOSTA","08372","4","2024-12-07 20:57:40","2024-12-07 20:57:40"
"132","LURUACO","08421","4","2024-12-07 20:57:40","2024-12-07 20:57:40"
"133","MALAMBO","08433","4","2024-12-07 20:57:40","2024-12-07 20:57:40"
"134","MANATÍ","08436","4","2024-12-07 20:57:40","2024-12-07 20:57:40"
"135","PALMAR DE VARELA","08520","4","2024-12-07 20:57:40","2024-12-07 20:57:40"
"136","PIOJÓ","08549","4","2024-12-07 20:57:40","2024-12-07 20:57:40"
"137","POLONUEVO","08558","4","2024-12-07 20:57:40","2024-12-07 20:57:40"
"138","PONEDERA","08560","4","2024-12-07 20:57:40","2024-12-07 20:57:40"
"139","PUERTO COLOMBIA","08573","4","2024-12-07 20:57:40","2024-12-07 20:57:40"
"140","REPELÓN","08606","4","2024-12-07 20:57:40","2024-12-07 20:57:40"
"141","SABANAGRANDE","08634","4","2024-12-07 20:57:40","2024-12-07 20:57:40"
"142","SABANALARGA","08638","4","2024-12-07 20:57:40","2024-12-07 20:57:40"
"143","SANTA LUCÍA","08675","4","2024-12-07 20:57:40","2024-12-07 20:57:40"
"144","SANTO TOMÁS","08685","4","2024-12-07 20:57:40","2024-12-07 20:57:40"
"145","SOLEDAD","08758","4","2024-12-07 20:57:40","2024-12-07 20:57:40"
"146","SUAN","08770","4","2024-12-07 20:57:40","2024-12-07 20:57:40"
"147","TUBARÁ","08832","4","2024-12-07 20:57:40","2024-12-07 20:57:40"
"148","USIACURÍ","08849","4","2024-12-07 20:57:40","2024-12-07 20:57:40"
"149","BOGOTÁ, D.C.","11001","5","2024-12-07 20:59:15","2024-12-07 20:59:15"
"150","CARTAGENA","13001","6","2024-12-07 21:01:00","2024-12-07 21:01:00"
"151","ACHÍ","13006","6","2024-12-07 21:01:00","2024-12-07 21:01:00"
"152","ALTOS DEL ROSARIO","13030","6","2024-12-07 21:01:00","2024-12-07 21:01:00"
"153","ARENAL","13042","6","2024-12-07 21:01:00","2024-12-07 21:01:00"
"154","ARJONA","13052","6","2024-12-07 21:01:00","2024-12-07 21:01:00"
"155","ARROYOHONDO","13062","6","2024-12-07 21:01:00","2024-12-07 21:01:00"
"156","BARRANCO DE LOBA","13074","6","2024-12-07 21:01:00","2024-12-07 21:01:00"
"157","CALAMAR","13140","6","2024-12-07 21:01:00","2024-12-07 21:01:00"
"158","CANTAGALLO","13160","6","2024-12-07 21:01:00","2024-12-07 21:01:00"
"159","CICUCO","13188","6","2024-12-07 21:01:00","2024-12-07 21:01:00"
"160","CÓRDOBA","13212","6","2024-12-07 21:01:00","2024-12-07 21:01:00"
"161","CLEMENCIA","13222","6","2024-12-07 21:01:00","2024-12-07 21:01:00"
"162","EL CARMEN DE BOLÍVAR","13244","6","2024-12-07 21:01:00","2024-12-07 21:01:00"
"163","EL GUAMO","13248","6","2024-12-07 21:01:00","2024-12-07 21:01:00"
"164","EL PEÑÓN","13268","6","2024-12-07 21:01:00","2024-12-07 21:01:00"
"165","HATILLO DE LOBA","13300","6","2024-12-07 21:01:00","2024-12-07 21:01:00"
"166","MAGANGUÉ","13430","6","2024-12-07 21:01:00","2024-12-07 21:01:00"
"167","MAHATES","13433","6","2024-12-07 21:01:00","2024-12-07 21:01:00"
"168","MARGARITA","13440","6","2024-12-07 21:01:00","2024-12-07 21:01:00"
"169","MARÍA LA BAJA","13442","6","2024-12-07 21:01:00","2024-12-07 21:01:00"
"170","MONTECRISTO","13458","6","2024-12-07 21:01:00","2024-12-07 21:01:00"
"171","MOMPÓS","13468","6","2024-12-07 21:01:00","2024-12-07 21:01:00"
"172","MORALES","13473","6","2024-12-07 21:01:00","2024-12-07 21:01:00"
"173","PINILLOS","13549","6","2024-12-07 21:01:00","2024-12-07 21:01:00"
"174","REGIDOR","13580","6","2024-12-07 21:01:00","2024-12-07 21:01:00"
"175","RÍO VIEJO","13600","6","2024-12-07 21:01:00","2024-12-07 21:01:00"
"176","SAN CRISTÓBAL","13620","6","2024-12-07 21:01:00","2024-12-07 21:01:00"
"177","SAN ESTANISLAO","13647","6","2024-12-07 21:01:00","2024-12-07 21:01:00"
"178","SAN FERNANDO","13650","6","2024-12-07 21:01:00","2024-12-07 21:01:00"
"179","SAN JACINTO","13654","6","2024-12-07 21:01:00","2024-12-07 21:01:00"
"180","SAN JACINTO DEL CAUCA","13655","6","2024-12-07 21:01:00","2024-12-07 21:01:00"
"181","SAN JUAN NEPOMUCENO","13657","6","2024-12-07 21:01:00","2024-12-07 21:01:00"
"182","SAN MARTÍN DE LOBA","13667","6","2024-12-07 21:01:00","2024-12-07 21:01:00"
"183","SAN PABLO","13670","6","2024-12-07 21:01:00","2024-12-07 21:01:00"
"184","SANTA CATALINA","13673","6","2024-12-07 21:01:00","2024-12-07 21:01:00"
"185","SANTA ROSA","13683","6","2024-12-07 21:01:00","2024-12-07 21:01:00"
"186","SANTA ROSA DEL SUR","13688","6","2024-12-07 21:01:00","2024-12-07 21:01:00"
"187","SIMITÍ","13744","6","2024-12-07 21:01:00","2024-12-07 21:01:00"
"188","SOPLAVIENTO","13760","6","2024-12-07 21:01:00","2024-12-07 21:01:00"
"189","TALAIGUA NUEVO","13780","6","2024-12-07 21:01:00","2024-12-07 21:01:00"
"190","TIQUISIO","13810","6","2024-12-07 21:01:00","2024-12-07 21:01:00"
"191","TURBACO","13836","6","2024-12-07 21:01:00","2024-12-07 21:01:00"
"192","TURBANÁ","13838","6","2024-12-07 21:01:00","2024-12-07 21:01:00"
"193","VILLANUEVA","13873","6","2024-12-07 21:01:00","2024-12-07 21:01:00"
"194","ZAMBRANO","13894","6","2024-12-07 21:01:00","2024-12-07 21:01:00"
"195","TUNJA","15001","7","2024-12-07 21:04:08","2024-12-07 21:04:08"
"196","ALMEIDA","15022","7","2024-12-07 21:04:08","2024-12-07 21:04:08"
"197","AQUITANIA","15047","7","2024-12-07 21:04:08","2024-12-07 21:04:08"
"198","ARCABUCO","15051","7","2024-12-07 21:04:08","2024-12-07 21:04:08"
"199","BELÉN","15087","7","2024-12-07 21:04:08","2024-12-07 21:04:08"
"200","BERBEO","15090","7","2024-12-07 21:04:08","2024-12-07 21:04:08"
"201","BETÉITIVA","15092","7","2024-12-07 21:04:08","2024-12-07 21:04:08"
"202","BOAVITA","15097","7","2024-12-07 21:04:08","2024-12-07 21:04:08"
"203","BOYACÁ","15104","7","2024-12-07 21:04:08","2024-12-07 21:04:08"
"204","BRICEÑO","15106","7","2024-12-07 21:04:08","2024-12-07 21:04:08"
"205","BUENAVISTA","15109","7","2024-12-07 21:04:08","2024-12-07 21:04:08"
"206","BUSBANZÁ","15114","7","2024-12-07 21:04:08","2024-12-07 21:04:08"
"207","CALDAS","15131","7","2024-12-07 21:04:08","2024-12-07 21:04:08"
"208","CAMPOHERMOSO","15135","7","2024-12-07 21:04:08","2024-12-07 21:04:08"
"209","CERINZA","15162","7","2024-12-07 21:04:08","2024-12-07 21:04:08"
"210","CHINAVITA","15172","7","2024-12-07 21:04:08","2024-12-07 21:04:08"
"211","CHIQUINQUIRÁ","15176","7","2024-12-07 21:04:08","2024-12-07 21:04:08"
"212","CHISCAS","15180","7","2024-12-07 21:04:08","2024-12-07 21:04:08"
"213","CHITA","15183","7","2024-12-07 21:04:08","2024-12-07 21:04:08"
"214","CHITARAQUE","15185","7","2024-12-07 21:04:08","2024-12-07 21:04:08"
"215","CHIVATÁ","15187","7","2024-12-07 21:04:08","2024-12-07 21:04:08"
"216","CIÉNEGA","15189","7","2024-12-07 21:04:08","2024-12-07 21:04:08"
"217","CÓMBITA","15204","7","2024-12-07 21:04:08","2024-12-07 21:04:08"
"218","COPER","15212","7","2024-12-07 21:04:08","2024-12-07 21:04:08"
"219","CORRALES","15215","7","2024-12-07 21:04:08","2024-12-07 21:04:08"
"220","COVARACHÍA","15218","7","2024-12-07 21:04:08","2024-12-07 21:04:08"
"221","CUBARÁ","15223","7","2024-12-07 21:04:08","2024-12-07 21:04:08"
"222","CUCAITA","15224","7","2024-12-07 21:04:08","2024-12-07 21:04:08"
"223","CUÍTIVA","15226","7","2024-12-07 21:04:08","2024-12-07 21:04:08"
"224","CHÍQUIZA","15232","7","2024-12-07 21:04:08","2024-12-07 21:04:08"
"225","CHIVOR","15236","7","2024-12-07 21:04:08","2024-12-07 21:04:08"
"226","DUITAMA","15238","7","2024-12-07 21:04:08","2024-12-07 21:04:08"
"227","EL COCUY","15244","7","2024-12-07 21:04:08","2024-12-07 21:04:08"
"228","EL ESPINO","15248","7","2024-12-07 21:04:08","2024-12-07 21:04:08"
"229","FIRAVITOBA","15272","7","2024-12-07 21:04:08","2024-12-07 21:04:08"
"230","FLORESTA","15276","7","2024-12-07 21:04:08","2024-12-07 21:04:08"
"231","GACHANTIVÁ","15293","7","2024-12-07 21:04:08","2024-12-07 21:04:08"
"232","GÁMEZA","15296","7","2024-12-07 21:04:08","2024-12-07 21:04:08"
"233","GARAGOA","15299","7","2024-12-07 21:04:08","2024-12-07 21:04:08"
"234","GUACAMAYAS","15317","7","2024-12-07 21:04:08","2024-12-07 21:04:08"
"235","GUATEQUE","15322","7","2024-12-07 21:04:08","2024-12-07 21:04:08"
"236","GUAYATÁ","15325","7","2024-12-07 21:04:08","2024-12-07 21:04:08"
"237","GÜICÁN","15332","7","2024-12-07 21:04:08","2024-12-07 21:04:08"
"238","IZA","15362","7","2024-12-07 21:04:08","2024-12-07 21:04:08"
"239","JENESANO","15367","7","2024-12-07 21:04:08","2024-12-07 21:04:08"
"240","JERICÓ","15368","7","2024-12-07 21:04:08","2024-12-07 21:04:08"
"241","LABRANZAGRANDE","15377","7","2024-12-07 21:04:08","2024-12-07 21:04:08"
"242","LA CAPILLA","15380","7","2024-12-07 21:04:08","2024-12-07 21:04:08"
"243","LA VICTORIA","15401","7","2024-12-07 21:04:08","2024-12-07 21:04:08"
"244","LA UVITA","15403","7","2024-12-07 21:04:08","2024-12-07 21:04:08"
"245","VILLA DE LEYVA","15407","7","2024-12-07 21:04:08","2024-12-07 21:04:08"
"246","MACANAL","15425","7","2024-12-07 21:04:08","2024-12-07 21:04:08"
"247","MARIPÍ","15442","7","2024-12-07 21:04:08","2024-12-07 21:04:08"
"248","MIRAFLORES","15455","7","2024-12-07 21:04:08","2024-12-07 21:04:08"
"249","MONGUA","15464","7","2024-12-07 21:04:08","2024-12-07 21:04:08"
"250","MONGUÍ","15466","7","2024-12-07 21:04:08","2024-12-07 21:04:08"
"251","MONIQUIRÁ","15469","7","2024-12-07 21:04:08","2024-12-07 21:04:08"
"252","MOTAVITA","15476","7","2024-12-07 21:04:08","2024-12-07 21:04:08"
"253","MUZO","15480","7","2024-12-07 21:04:08","2024-12-07 21:04:08"
"254","NOBSA","15491","7","2024-12-07 21:04:08","2024-12-07 21:04:08"
"255","NUEVO COLÓN","15494","7","2024-12-07 21:04:08","2024-12-07 21:04:08"
"256","OICATÁ","15500","7","2024-12-07 21:04:08","2024-12-07 21:04:08"
"257","OTANCHE","15507","7","2024-12-07 21:04:08","2024-12-07 21:04:08"
"258","PACHAVITA","15511","7","2024-12-07 21:04:08","2024-12-07 21:04:08"
"259","PÁEZ","15514","7","2024-12-07 21:04:08","2024-12-07 21:04:08"
"260","PAIPA","15516","7","2024-12-07 21:04:08","2024-12-07 21:04:08"
"261","PAJARITO","15518","7","2024-12-07 21:04:08","2024-12-07 21:04:08"
"262","PANQUEBA","15522","7","2024-12-07 21:04:08","2024-12-07 21:04:08"
"263","PAUNA","15531","7","2024-12-07 21:04:08","2024-12-07 21:04:08"
"264","PAYA","15533","7","2024-12-07 21:04:08","2024-12-07 21:04:08"
"265","PAZ DE RÍO","15537","7","2024-12-07 21:04:08","2024-12-07 21:04:08"
"266","PESCA","15542","7","2024-12-07 21:04:08","2024-12-07 21:04:08"
"267","PISBA","15550","7","2024-12-07 21:04:08","2024-12-07 21:04:08"
"268","PUERTO BOYACÁ","15572","7","2024-12-07 21:04:08","2024-12-07 21:04:08"
"269","QUÍPAMA","15580","7","2024-12-07 21:04:08","2024-12-07 21:04:08"
"270","RAMIRIQUÍ","15599","7","2024-12-07 21:04:08","2024-12-07 21:04:08"
"271","RÁQUIRA","15600","7","2024-12-07 21:04:08","2024-12-07 21:04:08"
"272","RONDÓN","15621","7","2024-12-07 21:04:08","2024-12-07 21:04:08"
"273","SABOYÁ","15632","7","2024-12-07 21:04:08","2024-12-07 21:04:08"
"274","SÁCHICA","15638","7","2024-12-07 21:04:08","2024-12-07 21:04:08"
"275","SAMACÁ","15646","7","2024-12-07 21:04:08","2024-12-07 21:04:08"
"276","SAN EDUARDO","15660","7","2024-12-07 21:04:08","2024-12-07 21:04:08"
"277","SAN JOSÉ DE PARE","15664","7","2024-12-07 21:04:08","2024-12-07 21:04:08"
"278","SAN LUIS DE GACENO","15667","7","2024-12-07 21:04:08","2024-12-07 21:04:08"
"279","SAN MATEO","15673","7","2024-12-07 21:04:08","2024-12-07 21:04:08"
"280","SAN MIGUEL DE SEMA","15676","7","2024-12-07 21:04:08","2024-12-07 21:04:08"
"281","SAN PABLO DE BORBUR","15681","7","2024-12-07 21:04:08","2024-12-07 21:04:08"
"282","SANTANA","15686","7","2024-12-07 21:04:08","2024-12-07 21:04:08"
"283","SANTA MARÍA","15690","7","2024-12-07 21:04:08","2024-12-07 21:04:08"
"284","SANTA ROSA DE VITERBO","15693","7","2024-12-07 21:04:08","2024-12-07 21:04:08"
"285","SANTA SOFÍA","15696","7","2024-12-07 21:04:08","2024-12-07 21:04:08"
"286","SATIVANORTE","15720","7","2024-12-07 21:04:08","2024-12-07 21:04:08"
"287","SATIVASUR","15723","7","2024-12-07 21:04:08","2024-12-07 21:04:08"
"288","SIACHOQUE","15740","7","2024-12-07 21:04:08","2024-12-07 21:04:08"
"289","SOATÁ","15753","7","2024-12-07 21:04:08","2024-12-07 21:04:08"
"290","SOCOTÁ","15755","7","2024-12-07 21:04:08","2024-12-07 21:04:08"
"291","SOCHA","15757","7","2024-12-07 21:04:08","2024-12-07 21:04:08"
"292","SOGAMOSO","15759","7","2024-12-07 21:04:08","2024-12-07 21:04:08"
"293","SOMONDOCO","15761","7","2024-12-07 21:04:08","2024-12-07 21:04:08"
"294","SORA","15762","7","2024-12-07 21:04:08","2024-12-07 21:04:08"
"295","SOTAQUIRÁ","15763","7","2024-12-07 21:04:08","2024-12-07 21:04:08"
"296","SORACÁ","15764","7","2024-12-07 21:04:08","2024-12-07 21:04:08"
"297","SUSACÓN","15774","7","2024-12-07 21:04:08","2024-12-07 21:04:08"
"298","SUTAMARCHÁN","15776","7","2024-12-07 21:04:08","2024-12-07 21:04:08"
"299","SUTATENZA","15778","7","2024-12-07 21:04:08","2024-12-07 21:04:08"
"300","TASCO","15790","7","2024-12-07 21:04:08","2024-12-07 21:04:08"
"301","TENZA","15798","7","2024-12-07 21:04:08","2024-12-07 21:04:08"
"302","TIBANÁ","15804","7","2024-12-07 21:04:08","2024-12-07 21:04:08"
"303","TIBASOSA","15806","7","2024-12-07 21:04:08","2024-12-07 21:04:08"
"304","TINJACÁ","15808","7","2024-12-07 21:04:08","2024-12-07 21:04:08"
"305","TIPACOQUE","15810","7","2024-12-07 21:04:08","2024-12-07 21:04:08"
"306","TOCA","15814","7","2024-12-07 21:04:08","2024-12-07 21:04:08"
"307","TOGÜÍ","15816","7","2024-12-07 21:04:08","2024-12-07 21:04:08"
"308","TÓPAGA","15820","7","2024-12-07 21:04:08","2024-12-07 21:04:08"
"309","TOTA","15822","7","2024-12-07 21:04:08","2024-12-07 21:04:08"
"310","TUNUNGUÁ","15832","7","2024-12-07 21:04:08","2024-12-07 21:04:08"
"311","TURMEQUÉ","15835","7","2024-12-07 21:04:08","2024-12-07 21:04:08"
"312","TUTA","15837","7","2024-12-07 21:04:08","2024-12-07 21:04:08"
"313","TUTAZÁ","15839","7","2024-12-07 21:04:08","2024-12-07 21:04:08"
"314","UMBITA","15842","7","2024-12-07 21:04:08","2024-12-07 21:04:08"
"315","VENTAQUEMADA","15861","7","2024-12-07 21:04:08","2024-12-07 21:04:08"
"316","VIRACACHÁ","15879","7","2024-12-07 21:04:08","2024-12-07 21:04:08"
"317","ZETAQUIRA","15897","7","2024-12-07 21:04:08","2024-12-07 21:04:08"
"318","MANIZALES","17001","8","2024-12-07 21:07:04","2024-12-07 21:07:04"
"319","AGUADAS","17013","8","2024-12-07 21:07:04","2024-12-07 21:07:04"
"320","ANSERMA","17042","8","2024-12-07 21:07:04","2024-12-07 21:07:04"
"321","ARANZAZU","17050","8","2024-12-07 21:07:04","2024-12-07 21:07:04"
"322","BELALCÁZAR","17088","8","2024-12-07 21:07:04","2024-12-07 21:07:04"
"323","CHINCHINÁ","17174","8","2024-12-07 21:07:04","2024-12-07 21:07:04"
"324","FILADELFIA","17272","8","2024-12-07 21:07:04","2024-12-07 21:07:04"
"325","LA DORADA","17380","8","2024-12-07 21:07:04","2024-12-07 21:07:04"
"326","LA MERCED","17388","8","2024-12-07 21:07:04","2024-12-07 21:07:04"
"327","MANZANARES","17433","8","2024-12-07 21:07:04","2024-12-07 21:07:04"
"328","MARMATO","17442","8","2024-12-07 21:07:04","2024-12-07 21:07:04"
"329","MARQUETALIA","17444","8","2024-12-07 21:07:04","2024-12-07 21:07:04"
"330","MARULANDA","17446","8","2024-12-07 21:07:04","2024-12-07 21:07:04"
"331","NEIRA","17486","8","2024-12-07 21:07:04","2024-12-07 21:07:04"
"332","NORCASIA","17495","8","2024-12-07 21:07:04","2024-12-07 21:07:04"
"333","PÁCORA","17513","8","2024-12-07 21:07:04","2024-12-07 21:07:04"
"334","PALESTINA","17524","8","2024-12-07 21:07:04","2024-12-07 21:07:04"
"335","PENSILVANIA","17541","8","2024-12-07 21:07:04","2024-12-07 21:07:04"
"336","RIOSUCIO","17614","8","2024-12-07 21:07:04","2024-12-07 21:07:04"
"337","RISARALDA","17616","8","2024-12-07 21:07:04","2024-12-07 21:07:04"
"338","SALAMINA","17653","8","2024-12-07 21:07:04","2024-12-07 21:07:04"
"339","SAMANÁ","17662","8","2024-12-07 21:07:04","2024-12-07 21:07:04"
"340","SAN JOSÉ","17665","8","2024-12-07 21:07:04","2024-12-07 21:07:04"
"341","SUPÍA","17777","8","2024-12-07 21:07:04","2024-12-07 21:07:04"
"342","VICTORIA","17867","8","2024-12-07 21:07:04","2024-12-07 21:07:04"
"343","VILLAMARÍA","17873","8","2024-12-07 21:07:04","2024-12-07 21:07:04"
"344","VITERBO","17877","8","2024-12-07 21:07:04","2024-12-07 21:07:04"
"345","FLORENCIA","18001","9","2024-12-08 12:14:01","2024-12-08 12:14:01"
"346","ALBANIA","18029","9","2024-12-08 12:14:01","2024-12-08 12:14:01"
"347","BELÉN DE LOS ANDAQUÍES","18094","9","2024-12-08 12:14:01","2024-12-08 12:14:01"
"348","CARTAGENA DEL CHAIRÁ","18150","9","2024-12-08 12:14:01","2024-12-08 12:14:01"
"349","CURILLO","18205","9","2024-12-08 12:14:01","2024-12-08 12:14:01"
"350","EL DONCELLO","18247","9","2024-12-08 12:14:01","2024-12-08 12:14:01"
"351","EL PAUJIL","18256","9","2024-12-08 12:14:01","2024-12-08 12:14:01"
"352","LA MONTAÑITA","18410","9","2024-12-08 12:14:01","2024-12-08 12:14:01"
"353","MILÁN","18460","9","2024-12-08 12:14:01","2024-12-08 12:14:01"
"354","MORELIA","18479","9","2024-12-08 12:14:01","2024-12-08 12:14:01"
"355","PUERTO RICO","18592","9","2024-12-08 12:14:01","2024-12-08 12:14:01"
"356","SAN JOSÉ DEL FRAGUA","18610","9","2024-12-08 12:14:01","2024-12-08 12:14:01"
"357","SAN VICENTE DEL CAGUÁN","18753","9","2024-12-08 12:14:01","2024-12-08 12:14:01"
"358","SOLANO","18756","9","2024-12-08 12:14:01","2024-12-08 12:14:01"
"359","SOLITA","18785","9","2024-12-08 12:14:01","2024-12-08 12:14:01"
"360","VALPARAÍSO","18860","9","2024-12-08 12:14:01","2024-12-08 12:14:01"
"361","POPAYÁN","19001","11","2024-12-08 12:16:33","2024-12-08 12:16:33"
"362","ALMAGUER","19022","11","2024-12-08 12:16:33","2024-12-08 12:16:33"
"363","ARGELIA","19050","11","2024-12-08 12:16:33","2024-12-08 12:16:33"
"364","BALBOA","19075","11","2024-12-08 12:16:33","2024-12-08 12:16:33"
"365","BOLÍVAR","19100","11","2024-12-08 12:16:33","2024-12-08 12:16:33"
"366","BUENOS AIRES","19110","11","2024-12-08 12:16:33","2024-12-08 12:16:33"
"367","CAJIBÍO","19130","11","2024-12-08 12:16:33","2024-12-08 12:16:33"
"368","CALDONO","19137","11","2024-12-08 12:16:33","2024-12-08 12:16:33"
"369","CALOTO","19142","11","2024-12-08 12:16:33","2024-12-08 12:16:33"
"370","CORINTO","19212","11","2024-12-08 12:16:33","2024-12-08 12:16:33"
"371","EL TAMBO","19256","11","2024-12-08 12:16:33","2024-12-08 12:16:33"
"372","FLORENCIA","19290","11","2024-12-08 12:16:33","2024-12-08 12:16:33"
"373","GUACHENÉ","19300","11","2024-12-08 12:16:33","2024-12-08 12:16:33"
"374","GUAPI","19318","11","2024-12-08 12:16:33","2024-12-08 12:16:33"
"375","INZÁ","19355","11","2024-12-08 12:16:33","2024-12-08 12:16:33"
"376","JAMBALÓ","19364","11","2024-12-08 12:16:33","2024-12-08 12:16:33"
"377","LA SIERRA","19392","11","2024-12-08 12:16:33","2024-12-08 12:16:33"
"378","LA VEGA","19397","11","2024-12-08 12:16:33","2024-12-08 12:16:33"
"379","LÓPEZ","19418","11","2024-12-08 12:16:33","2024-12-08 12:16:33"
"380","MERCADERES","19450","11","2024-12-08 12:16:33","2024-12-08 12:16:33"
"381","MIRANDA","19455","11","2024-12-08 12:16:33","2024-12-08 12:16:33"
"382","MORALES","19473","11","2024-12-08 12:16:33","2024-12-08 12:16:33"
"383","PADILLA","19513","11","2024-12-08 12:16:33","2024-12-08 12:16:33"
"384","PÁEZ","19517","11","2024-12-08 12:16:33","2024-12-08 12:16:33"
"385","PATÍA","19532","11","2024-12-08 12:16:33","2024-12-08 12:16:33"
"386","PIAMONTE","19533","11","2024-12-08 12:16:33","2024-12-08 12:16:33"
"387","PIENDAMÓ","19548","11","2024-12-08 12:16:33","2024-12-08 12:16:33"
"388","PUERTO TEJADA","19573","11","2024-12-08 12:16:33","2024-12-08 12:16:33"
"389","PURACÉ","19585","11","2024-12-08 12:16:33","2024-12-08 12:16:33"
"390","ROSAS","19622","11","2024-12-08 12:16:33","2024-12-08 12:16:33"
"391","SAN SEBASTIÁN","19693","11","2024-12-08 12:16:33","2024-12-08 12:16:33"
"392","SANTANDER DE QUILICHAO","19698","11","2024-12-08 12:16:33","2024-12-08 12:16:33"
"393","SANTA ROSA","19701","11","2024-12-08 12:16:33","2024-12-08 12:16:33"
"394","SILVIA","19743","11","2024-12-08 12:16:33","2024-12-08 12:16:33"
"395","SOTARA","19760","11","2024-12-08 12:16:33","2024-12-08 12:16:33"
"396","SUÁREZ","19780","11","2024-12-08 12:16:33","2024-12-08 12:16:33"
"397","SUCRE","19785","11","2024-12-08 12:16:33","2024-12-08 12:16:33"
"398","TIMBÍO","19807","11","2024-12-08 12:16:33","2024-12-08 12:16:33"
"399","TIMBIQUÍ","19809","11","2024-12-08 12:16:33","2024-12-08 12:16:33"
"400","TORIBÍO","19821","11","2024-12-08 12:16:33","2024-12-08 12:16:33"
"401","TOTORÓ","19824","11","2024-12-08 12:16:33","2024-12-08 12:16:33"
"402","VILLA RICA","19845","11","2024-12-08 12:16:33","2024-12-08 12:16:33"
"403","VALLEDUPAR","20001","12","2024-12-08 12:18:14","2024-12-08 12:18:14"
"404","AGUACHICA","20011","12","2024-12-08 12:18:14","2024-12-08 12:18:14"
"405","AGUSTÍN CODAZZI","20013","12","2024-12-08 12:18:14","2024-12-08 12:18:14"
"406","ASTREA","20032","12","2024-12-08 12:18:14","2024-12-08 12:18:14"
"407","BECERRIL","20045","12","2024-12-08 12:18:14","2024-12-08 12:18:14"
"408","BOSCONIA","20060","12","2024-12-08 12:18:14","2024-12-08 12:18:14"
"409","CHIMICHAGUA","20175","12","2024-12-08 12:18:14","2024-12-08 12:18:14"
"410","CHIRIGUANÁ","20178","12","2024-12-08 12:18:14","2024-12-08 12:18:14"
"411","CURUMANÍ","20228","12","2024-12-08 12:18:14","2024-12-08 12:18:14"
"412","EL COPEY","20238","12","2024-12-08 12:18:14","2024-12-08 12:18:14"
"413","EL PASO","20250","12","2024-12-08 12:18:14","2024-12-08 12:18:14"
"414","GAMARRA","20295","12","2024-12-08 12:18:14","2024-12-08 12:18:14"
"415","GONZÁLEZ","20310","12","2024-12-08 12:18:14","2024-12-08 12:18:14"
"416","LA GLORIA","20383","12","2024-12-08 12:18:14","2024-12-08 12:18:14"
"417","LA JAGUA DE IBIRICO","20400","12","2024-12-08 12:18:14","2024-12-08 12:18:14"
"418","MANAURE","20443","12","2024-12-08 12:18:14","2024-12-08 12:18:14"
"419","PAILITAS","20517","12","2024-12-08 12:18:14","2024-12-08 12:18:14"
"420","PELAYA","20550","12","2024-12-08 12:18:14","2024-12-08 12:18:14"
"421","PUEBLO BELLO","20570","12","2024-12-08 12:18:14","2024-12-08 12:18:14"
"422","RÍO DE ORO","20614","12","2024-12-08 12:18:14","2024-12-08 12:18:14"
"423","LA PAZ","20621","12","2024-12-08 12:18:14","2024-12-08 12:18:14"
"424","SAN ALBERTO","20710","12","2024-12-08 12:18:14","2024-12-08 12:18:14"
"425","SAN DIEGO","20750","12","2024-12-08 12:18:14","2024-12-08 12:18:14"
"426","SAN MARTÍN","20770","12","2024-12-08 12:18:14","2024-12-08 12:18:14"
"427","TAMALAMEQUE","20787","12","2024-12-08 12:18:14","2024-12-08 12:18:14"
"428","MONTERÍA","23001","14","2024-12-08 12:19:27","2024-12-08 12:19:27"
"429","AYAPEL","23068","14","2024-12-08 12:19:27","2024-12-08 12:19:27"
"430","BUENAVISTA","23079","14","2024-12-08 12:19:27","2024-12-08 12:19:27"
"431","CANALETE","23090","14","2024-12-08 12:19:27","2024-12-08 12:19:27"
"432","CERETÉ","23162","14","2024-12-08 12:19:27","2024-12-08 12:19:27"
"433","CHIMÁ","23168","14","2024-12-08 12:19:27","2024-12-08 12:19:27"
"434","CHINÚ","23182","14","2024-12-08 12:19:27","2024-12-08 12:19:27"
"435","CIÉNAGA DE ORO","23189","14","2024-12-08 12:19:27","2024-12-08 12:19:27"
"436","COTORRA","23300","14","2024-12-08 12:19:27","2024-12-08 12:19:27"
"437","LA APARTADA","23350","14","2024-12-08 12:19:27","2024-12-08 12:19:27"
"438","LORICA","23417","14","2024-12-08 12:19:27","2024-12-08 12:19:27"
"439","LOS CÓRDOBAS","23419","14","2024-12-08 12:19:27","2024-12-08 12:19:27"
"440","MOMIL","23464","14","2024-12-08 12:19:27","2024-12-08 12:19:27"
"441","MONTELÍBANO","23466","14","2024-12-08 12:19:27","2024-12-08 12:19:27"
"442","MOÑITOS","23500","14","2024-12-08 12:19:27","2024-12-08 12:19:27"
"443","PLANETA RICA","23555","14","2024-12-08 12:19:27","2024-12-08 12:19:27"
"444","PUEBLO NUEVO","23570","14","2024-12-08 12:19:27","2024-12-08 12:19:27"
"445","PUERTO ESCONDIDO","23574","14","2024-12-08 12:19:27","2024-12-08 12:19:27"
"446","PUERTO LIBERTADOR","23580","14","2024-12-08 12:19:27","2024-12-08 12:19:27"
"447","PURÍSIMA","23586","14","2024-12-08 12:19:27","2024-12-08 12:19:27"
"448","SAHAGÚN","23660","14","2024-12-08 12:19:27","2024-12-08 12:19:27"
"449","SAN ANDRÉS SOTAVENTO","23670","14","2024-12-08 12:19:27","2024-12-08 12:19:27"
"450","SAN ANTERO","23672","14","2024-12-08 12:19:27","2024-12-08 12:19:27"
"451","SAN BERNARDO DEL VIENTO","23675","14","2024-12-08 12:19:27","2024-12-08 12:19:27"
"452","SAN CARLOS","23678","14","2024-12-08 12:19:27","2024-12-08 12:19:27"
"453","SAN PELAYO","23686","14","2024-12-08 12:19:27","2024-12-08 12:19:27"
"454","TIERRALTA","23807","14","2024-12-08 12:19:27","2024-12-08 12:19:27"
"455","VALENCIA","23855","14","2024-12-08 12:19:27","2024-12-08 12:19:27"
"456","AGUA DE DIOS","25001","15","2024-12-08 12:22:33","2024-12-08 12:22:33"
"457","ALBÁN","25019","15","2024-12-08 12:22:33","2024-12-08 12:22:33"
"458","ANAPOIMA","25035","15","2024-12-08 12:22:33","2024-12-08 12:22:33"
"459","ANOLAIMA","25040","15","2024-12-08 12:22:33","2024-12-08 12:22:33"
"460","ARBELÁEZ","25053","15","2024-12-08 12:22:33","2024-12-08 12:22:33"
"461","BELTRÁN","25086","15","2024-12-08 12:22:33","2024-12-08 12:22:33"
"462","BITUIMA","25095","15","2024-12-08 12:22:33","2024-12-08 12:22:33"
"463","BOJACÁ","25099","15","2024-12-08 12:22:33","2024-12-08 12:22:33"
"464","CABRERA","25120","15","2024-12-08 12:22:33","2024-12-08 12:22:33"
"465","CACHIPAY","25123","15","2024-12-08 12:22:33","2024-12-08 12:22:33"
"466","CAJICÁ","25126","15","2024-12-08 12:22:33","2024-12-08 12:22:33"
"467","CAPARRAPÍ","25148","15","2024-12-08 12:22:33","2024-12-08 12:22:33"
"468","CAQUEZA","25151","15","2024-12-08 12:22:33","2024-12-08 12:22:33"
"469","CARMEN DE CARUPA","25154","15","2024-12-08 12:22:33","2024-12-08 12:22:33"
"470","CHAGUANÍ","25168","15","2024-12-08 12:22:33","2024-12-08 12:22:33"
"471","CHÍA","25175","15","2024-12-08 12:22:33","2024-12-08 12:22:33"
"472","CHIPAQUE","25178","15","2024-12-08 12:22:33","2024-12-08 12:22:33"
"473","CHOACHÍ","25181","15","2024-12-08 12:22:33","2024-12-08 12:22:33"
"474","CHOCONTÁ","25183","15","2024-12-08 12:22:33","2024-12-08 12:22:33"
"475","COGUA","25200","15","2024-12-08 12:22:33","2024-12-08 12:22:33"
"476","COTA","25214","15","2024-12-08 12:22:33","2024-12-08 12:22:33"
"477","CUCUNUBÁ","25224","15","2024-12-08 12:22:33","2024-12-08 12:22:33"
"478","EL COLEGIO","25245","15","2024-12-08 12:22:33","2024-12-08 12:22:33"
"479","EL PEÑÓN","25258","15","2024-12-08 12:22:33","2024-12-08 12:22:33"
"480","EL ROSAL","25260","15","2024-12-08 12:22:33","2024-12-08 12:22:33"
"481","FACATATIVÁ","25269","15","2024-12-08 12:22:33","2024-12-08 12:22:33"
"482","FOMEQUE","25279","15","2024-12-08 12:22:33","2024-12-08 12:22:33"
"483","FOSCA","25281","15","2024-12-08 12:22:33","2024-12-08 12:22:33"
"484","FUNZA","25286","15","2024-12-08 12:22:33","2024-12-08 12:22:33"
"485","FÚQUENE","25288","15","2024-12-08 12:22:33","2024-12-08 12:22:33"
"486","FUSAGASUGÁ","25290","15","2024-12-08 12:22:33","2024-12-08 12:22:33"
"487","GACHALA","25293","15","2024-12-08 12:22:33","2024-12-08 12:22:33"
"488","GACHANCIPÁ","25295","15","2024-12-08 12:22:33","2024-12-08 12:22:33"
"489","GACHETÁ","25297","15","2024-12-08 12:22:33","2024-12-08 12:22:33"
"490","GAMA","25299","15","2024-12-08 12:22:33","2024-12-08 12:22:33"
"491","GIRARDOT","25307","15","2024-12-08 12:22:33","2024-12-08 12:22:33"
"492","GRANADA","25312","15","2024-12-08 12:22:33","2024-12-08 12:22:33"
"493","GUACHETÁ","25317","15","2024-12-08 12:22:33","2024-12-08 12:22:33"
"494","GUADUAS","25320","15","2024-12-08 12:22:33","2024-12-08 12:22:33"
"495","GUASCA","25322","15","2024-12-08 12:22:33","2024-12-08 12:22:33"
"496","GUATAQUÍ","25324","15","2024-12-08 12:22:33","2024-12-08 12:22:33"
"497","GUATAVITA","25326","15","2024-12-08 12:22:33","2024-12-08 12:22:33"
"498","GUAYABAL DE SIQUIMA","25328","15","2024-12-08 12:22:33","2024-12-08 12:22:33"
"499","GUAYABETAL","25335","15","2024-12-08 12:22:33","2024-12-08 12:22:33"
"500","GUTIÉRREZ","25339","15","2024-12-08 12:22:33","2024-12-08 12:22:33"
"501","JERUSALÉN","25368","15","2024-12-08 12:22:33","2024-12-08 12:22:33"
"502","JUNÍN","25372","15","2024-12-08 12:22:33","2024-12-08 12:22:33"
"503","LA CALERA","25377","15","2024-12-08 12:22:33","2024-12-08 12:22:33"
"504","LA MESA","25386","15","2024-12-08 12:22:33","2024-12-08 12:22:33"
"505","LA PALMA","25394","15","2024-12-08 12:22:33","2024-12-08 12:22:33"
"506","LA PEÑA","25398","15","2024-12-08 12:22:33","2024-12-08 12:22:33"
"507","LA VEGA","25402","15","2024-12-08 12:22:33","2024-12-08 12:22:33"
"508","LENGUAZAQUE","25407","15","2024-12-08 12:22:33","2024-12-08 12:22:33"
"509","MACHETA","25426","15","2024-12-08 12:22:33","2024-12-08 12:22:33"
"510","MADRID","25430","15","2024-12-08 12:22:33","2024-12-08 12:22:33"
"511","MANTA","25436","15","2024-12-08 12:22:33","2024-12-08 12:22:33"
"512","MEDINA","25438","15","2024-12-08 12:22:33","2024-12-08 12:22:33"
"513","MOSQUERA","25473","15","2024-12-08 12:22:33","2024-12-08 12:22:33"
"514","NARIÑO","25483","15","2024-12-08 12:22:33","2024-12-08 12:22:33"
"515","NEMOCÓN","25486","15","2024-12-08 12:22:33","2024-12-08 12:22:33"
"516","NILO","25488","15","2024-12-08 12:22:33","2024-12-08 12:22:33"
"517","NIMAIMA","25489","15","2024-12-08 12:22:33","2024-12-08 12:22:33"
"518","NOCAIMA","25491","15","2024-12-08 12:22:33","2024-12-08 12:22:33"
"519","VENECIA","25506","15","2024-12-08 12:22:33","2024-12-08 12:22:33"
"520","PACHO","25513","15","2024-12-08 12:22:33","2024-12-08 12:22:33"
"521","PAIME","25518","15","2024-12-08 12:22:33","2024-12-08 12:22:33"
"522","PANDI","25524","15","2024-12-08 12:22:33","2024-12-08 12:22:33"
"523","PARATEBUENO","25530","15","2024-12-08 12:22:33","2024-12-08 12:22:33"
"524","PASCA","25535","15","2024-12-08 12:22:33","2024-12-08 12:22:33"
"525","PUERTO SALGAR","25572","15","2024-12-08 12:22:33","2024-12-08 12:22:33"
"526","PULÍ","25580","15","2024-12-08 12:22:33","2024-12-08 12:22:33"
"527","QUEBRADANEGRA","25592","15","2024-12-08 12:22:33","2024-12-08 12:22:33"
"528","QUETAME","25594","15","2024-12-08 12:22:33","2024-12-08 12:22:33"
"529","QUIPILE","25596","15","2024-12-08 12:22:33","2024-12-08 12:22:33"
"530","APULO","25599","15","2024-12-08 12:22:33","2024-12-08 12:22:33"
"531","RICAURTE","25612","15","2024-12-08 12:22:33","2024-12-08 12:22:33"
"532","SAN ANTONIO DEL TEQUENDAMA","25645","15","2024-12-08 12:22:33","2024-12-08 12:22:33"
"533","SAN BERNARDO","25649","15","2024-12-08 12:22:33","2024-12-08 12:22:33"
"534","SAN CAYETANO","25653","15","2024-12-08 12:22:33","2024-12-08 12:22:33"
"535","SAN FRANCISCO","25658","15","2024-12-08 12:22:33","2024-12-08 12:22:33"
"536","SAN JUAN DE RÍO SECO","25662","15","2024-12-08 12:22:33","2024-12-08 12:22:33"
"537","SASAIMA","25718","15","2024-12-08 12:22:33","2024-12-08 12:22:33"
"538","SESQUILÉ","25736","15","2024-12-08 12:22:33","2024-12-08 12:22:33"
"539","SIBATÉ","25740","15","2024-12-08 12:22:33","2024-12-08 12:22:33"
"540","SILVANIA","25743","15","2024-12-08 12:22:33","2024-12-08 12:22:33"
"541","SIMIJACA","25745","15","2024-12-08 12:22:33","2024-12-08 12:22:33"
"542","SOACHA","25754","15","2024-12-08 12:22:33","2024-12-08 12:22:33"
"543","SOPÓ","25758","15","2024-12-08 12:22:33","2024-12-08 12:22:33"
"544","SUBACHOQUE","25769","15","2024-12-08 12:22:33","2024-12-08 12:22:33"
"545","SUESCA","25772","15","2024-12-08 12:22:33","2024-12-08 12:22:33"
"546","SUPATÁ","25777","15","2024-12-08 12:22:33","2024-12-08 12:22:33"
"547","SUSA","25779","15","2024-12-08 12:22:33","2024-12-08 12:22:33"
"548","SUTATAUSA","25781","15","2024-12-08 12:22:33","2024-12-08 12:22:33"
"549","TABIO","25785","15","2024-12-08 12:22:33","2024-12-08 12:22:33"
"550","TAUSA","25793","15","2024-12-08 12:22:33","2024-12-08 12:22:33"
"551","TENA","25797","15","2024-12-08 12:22:33","2024-12-08 12:22:33"
"552","TENJO","25799","15","2024-12-08 12:22:33","2024-12-08 12:22:33"
"553","TIBACUY","25805","15","2024-12-08 12:22:33","2024-12-08 12:22:33"
"554","TIBIRITA","25807","15","2024-12-08 12:22:33","2024-12-08 12:22:33"
"555","TOCAIMA","25815","15","2024-12-08 12:22:33","2024-12-08 12:22:33"
"556","TOCANCIPÁ","25817","15","2024-12-08 12:22:33","2024-12-08 12:22:33"
"557","TOPAIPÍ","25823","15","2024-12-08 12:22:33","2024-12-08 12:22:33"
"558","UBALÁ","25839","15","2024-12-08 12:22:33","2024-12-08 12:22:33"
"559","UBAQUE","25841","15","2024-12-08 12:22:33","2024-12-08 12:22:33"
"560","VILLA DE SAN DIEGO DE UBATÉ","25843","15","2024-12-08 12:22:33","2024-12-08 12:22:33"
"561","UNE","25845","15","2024-12-08 12:22:33","2024-12-08 12:22:33"
"562","ÚTICA","25851","15","2024-12-08 12:22:33","2024-12-08 12:22:33"
"563","VERGARA","25862","15","2024-12-08 12:22:33","2024-12-08 12:22:33"
"564","VIANÍ","25867","15","2024-12-08 12:22:33","2024-12-08 12:22:33"
"565","VILLAGÓMEZ","25871","15","2024-12-08 12:22:33","2024-12-08 12:22:33"
"566","VILLAPINZÓN","25873","15","2024-12-08 12:22:33","2024-12-08 12:22:33"
"567","VILLETA","25875","15","2024-12-08 12:22:33","2024-12-08 12:22:33"
"568","VIOTÁ","25878","15","2024-12-08 12:22:33","2024-12-08 12:22:33"
"569","YACOPÍ","25885","15","2024-12-08 12:22:33","2024-12-08 12:22:33"
"570","ZIPACÓN","25898","15","2024-12-08 12:22:33","2024-12-08 12:22:33"
"571","ZIPAQUIRÁ","25899","15","2024-12-08 12:22:33","2024-12-08 12:22:33"
"572","QUIBDÓ","27001","13","2024-12-08 12:24:10","2024-12-08 12:24:10"
"573","ACANDÍ","27006","13","2024-12-08 12:24:10","2024-12-08 12:24:10"
"574","ALTO BAUDÓ","27025","13","2024-12-08 12:24:10","2024-12-08 12:24:10"
"575","ATRATO","27050","13","2024-12-08 12:24:10","2024-12-08 12:24:10"
"576","BAGADÓ","27073","13","2024-12-08 12:24:10","2024-12-08 12:24:10"
"577","BAHÍA SOLANO","27075","13","2024-12-08 12:24:10","2024-12-08 12:24:10"
"578","BAJO BAUDÓ","27077","13","2024-12-08 12:24:10","2024-12-08 12:24:10"
"579","BOJAYÁ","27099","13","2024-12-08 12:24:10","2024-12-08 12:24:10"
"580","EL CANTÓN DEL SAN PABLO","27135","13","2024-12-08 12:24:10","2024-12-08 12:24:10"
"581","CARMEN DEL DARIÉN","27150","13","2024-12-08 12:24:10","2024-12-08 12:24:10"
"582","CÉRTEGUI","27160","13","2024-12-08 12:24:10","2024-12-08 12:24:10"
"583","CONDOTO","27205","13","2024-12-08 12:24:10","2024-12-08 12:24:10"
"584","EL CARMEN DE ATRATO","27245","13","2024-12-08 12:24:10","2024-12-08 12:24:10"
"585","EL LITORAL DEL SAN JUAN","27250","13","2024-12-08 12:24:10","2024-12-08 12:24:10"
"586","ISTMINA","27361","13","2024-12-08 12:24:10","2024-12-08 12:24:10"
"587","JURADÓ","27372","13","2024-12-08 12:24:10","2024-12-08 12:24:10"
"588","LLORÓ","27413","13","2024-12-08 12:24:10","2024-12-08 12:24:10"
"589","MEDIO ATRATO","27425","13","2024-12-08 12:24:10","2024-12-08 12:24:10"
"590","MEDIO BAUDÓ","27430","13","2024-12-08 12:24:10","2024-12-08 12:24:10"
"591","MEDIO SAN JUAN","27450","13","2024-12-08 12:24:10","2024-12-08 12:24:10"
"592","NOVITA","27491","13","2024-12-08 12:24:10","2024-12-08 12:24:10"
"593","NUQUÍ","27495","13","2024-12-08 12:24:10","2024-12-08 12:24:10"
"594","RÍO IRÓ","27580","13","2024-12-08 12:24:10","2024-12-08 12:24:10"
"595","RÍO QUITO","27600","13","2024-12-08 12:24:10","2024-12-08 12:24:10"
"596","RIOSUCIO","27615","13","2024-12-08 12:24:10","2024-12-08 12:24:10"
"597","SAN JOSÉ DEL PALMAR","27660","13","2024-12-08 12:24:10","2024-12-08 12:24:10"
"598","SIPÍ","27745","13","2024-12-08 12:24:10","2024-12-08 12:24:10"
"599","TADÓ","27787","13","2024-12-08 12:24:10","2024-12-08 12:24:10"
"600","UNGUÍA","27800","13","2024-12-08 12:24:10","2024-12-08 12:24:10"
"601","UNIÓN PANAMERICANA","27810","13","2024-12-08 12:24:10","2024-12-08 12:24:10"
"602","NEIVA","41001","18","2024-12-08 12:25:47","2024-12-08 12:25:47"
"603","ACEVEDO","41006","18","2024-12-08 12:25:47","2024-12-08 12:25:47"
"604","AGRADO","41013","18","2024-12-08 12:25:47","2024-12-08 12:25:47"
"605","AIPE","41016","18","2024-12-08 12:25:47","2024-12-08 12:25:47"
"606","ALGECIRAS","41020","18","2024-12-08 12:25:47","2024-12-08 12:25:47"
"607","ALTAMIRA","41026","18","2024-12-08 12:25:47","2024-12-08 12:25:47"
"608","BARAYA","41078","18","2024-12-08 12:25:47","2024-12-08 12:25:47"
"609","CAMPOALEGRE","41132","18","2024-12-08 12:25:47","2024-12-08 12:25:47"
"610","COLOMBIA","41206","18","2024-12-08 12:25:47","2024-12-08 12:25:47"
"611","ELÍAS","41244","18","2024-12-08 12:25:47","2024-12-08 12:25:47"
"612","GARZÓN","41298","18","2024-12-08 12:25:47","2024-12-08 12:25:47"
"613","GIGANTE","41306","18","2024-12-08 12:25:47","2024-12-08 12:25:47"
"614","GUADALUPE","41319","18","2024-12-08 12:25:47","2024-12-08 12:25:47"
"615","HOBO","41349","18","2024-12-08 12:25:47","2024-12-08 12:25:47"
"616","IQUIRA","41357","18","2024-12-08 12:25:47","2024-12-08 12:25:47"
"617","ISNOS","41359","18","2024-12-08 12:25:47","2024-12-08 12:25:47"
"618","LA ARGENTINA","41378","18","2024-12-08 12:25:47","2024-12-08 12:25:47"
"619","LA PLATA","41396","18","2024-12-08 12:25:47","2024-12-08 12:25:47"
"620","NÁTAGA","41483","18","2024-12-08 12:25:47","2024-12-08 12:25:47"
"621","OPORAPA","41503","18","2024-12-08 12:25:47","2024-12-08 12:25:47"
"622","PAICOL","41518","18","2024-12-08 12:25:47","2024-12-08 12:25:47"
"623","PALERMO","41524","18","2024-12-08 12:25:47","2024-12-08 12:25:47"
"624","PALESTINA","41530","18","2024-12-08 12:25:47","2024-12-08 12:25:47"
"625","PITAL","41548","18","2024-12-08 12:25:47","2024-12-08 12:25:47"
"626","PITALITO","41551","18","2024-12-08 12:25:47","2024-12-08 12:25:47"
"627","RIVERA","41615","18","2024-12-08 12:25:47","2024-12-08 12:25:47"
"628","SALADOBLANCO","41660","18","2024-12-08 12:25:47","2024-12-08 12:25:47"
"629","SAN AGUSTÍN","41668","18","2024-12-08 12:25:47","2024-12-08 12:25:47"
"630","SANTA MARÍA","41676","18","2024-12-08 12:25:47","2024-12-08 12:25:47"
"631","SUAZA","41770","18","2024-12-08 12:25:47","2024-12-08 12:25:47"
"632","TARQUI","41791","18","2024-12-08 12:25:47","2024-12-08 12:25:47"
"633","TESALIA","41797","18","2024-12-08 12:25:47","2024-12-08 12:25:47"
"634","TELLO","41799","18","2024-12-08 12:25:47","2024-12-08 12:25:47"
"635","TERUEL","41801","18","2024-12-08 12:25:47","2024-12-08 12:25:47"
"636","TIMANÁ","41807","18","2024-12-08 12:25:47","2024-12-08 12:25:47"
"637","VILLAVIEJA","41872","18","2024-12-08 12:25:47","2024-12-08 12:25:47"
"638","YAGUARÁ","41885","18","2024-12-08 12:25:47","2024-12-08 12:25:47"
"639","RIOHACHA","44001","19","2024-12-08 12:27:41","2024-12-08 12:27:41"
"640","ALBANIA","44035","19","2024-12-08 12:27:41","2024-12-08 12:27:41"
"641","BARRANCAS","44078","19","2024-12-08 12:27:41","2024-12-08 12:27:41"
"642","DIBULLA","44090","19","2024-12-08 12:27:41","2024-12-08 12:27:41"
"643","DISTRACCIÓN","44098","19","2024-12-08 12:27:41","2024-12-08 12:27:41"
"644","EL MOLINO","44110","19","2024-12-08 12:27:41","2024-12-08 12:27:41"
"645","FONSECA","44279","19","2024-12-08 12:27:41","2024-12-08 12:27:41"
"646","HATONUEVO","44378","19","2024-12-08 12:27:41","2024-12-08 12:27:41"
"647","LA JAGUA DEL PILAR","44420","19","2024-12-08 12:27:41","2024-12-08 12:27:41"
"648","MAICAO","44430","19","2024-12-08 12:27:41","2024-12-08 12:27:41"
"649","MANAURE","44560","19","2024-12-08 12:27:41","2024-12-08 12:27:41"
"650","SAN JUAN DEL CESAR","44650","19","2024-12-08 12:27:41","2024-12-08 12:27:41"
"651","URIBIA","44847","19","2024-12-08 12:27:41","2024-12-08 12:27:41"
"652","URUMITA","44855","19","2024-12-08 12:27:41","2024-12-08 12:27:41"
"653","VILLANUEVA","44874","19","2024-12-08 12:27:41","2024-12-08 12:27:41"
"654","SANTA MARTA","47001","20","2024-12-08 12:28:59","2024-12-08 12:28:59"
"655","ALGARROBO","47030","20","2024-12-08 12:28:59","2024-12-08 12:28:59"
"656","ARACATACA","47053","20","2024-12-08 12:28:59","2024-12-08 12:28:59"
"657","ARIGUANÍ","47058","20","2024-12-08 12:28:59","2024-12-08 12:28:59"
"658","CERRO SAN ANTONIO","47161","20","2024-12-08 12:28:59","2024-12-08 12:28:59"
"659","CHIBOLO","47170","20","2024-12-08 12:28:59","2024-12-08 12:28:59"
"660","CIÉNAGA","47189","20","2024-12-08 12:28:59","2024-12-08 12:28:59"
"661","EL BANCO","47205","20","2024-12-08 12:28:59","2024-12-08 12:28:59"
"662","EL PIÑÓN","47245","20","2024-12-08 12:28:59","2024-12-08 12:28:59"
"663","EL RETÉN","47258","20","2024-12-08 12:28:59","2024-12-08 12:28:59"
"664","FUNDACIÓN","47268","20","2024-12-08 12:28:59","2024-12-08 12:28:59"
"665","GUAMAL","47288","20","2024-12-08 12:28:59","2024-12-08 12:28:59"
"666","PEDRAZA","47318","20","2024-12-08 12:28:59","2024-12-08 12:28:59"
"667","PIJIÑO DEL CARMEN","47353","20","2024-12-08 12:28:59","2024-12-08 12:28:59"
"668","PIVIJAY","47359","20","2024-12-08 12:28:59","2024-12-08 12:28:59"
"669","PLATO","47368","20","2024-12-08 12:28:59","2024-12-08 12:28:59"
"670","PUEBLOVIEJO","47380","20","2024-12-08 12:28:59","2024-12-08 12:28:59"
"671","REMOLINO","47460","20","2024-12-08 12:28:59","2024-12-08 12:28:59"
"672","SABANAS DE SAN ÁNGEL","47541","20","2024-12-08 12:28:59","2024-12-08 12:28:59"
"673","SALAMINA","47545","20","2024-12-08 12:28:59","2024-12-08 12:28:59"
"674","SAN SEBASTIÁN DE BUENAVISTA","47551","20","2024-12-08 12:28:59","2024-12-08 12:28:59"
"675","SAN ZENÓN","47555","20","2024-12-08 12:28:59","2024-12-08 12:28:59"
"676","SANTA ANA","47570","20","2024-12-08 12:28:59","2024-12-08 12:28:59"
"677","SANTA BÁRBARA DE PINTO","47573","20","2024-12-08 12:28:59","2024-12-08 12:28:59"
"678","SITIONUEVO","47605","20","2024-12-08 12:28:59","2024-12-08 12:28:59"
"679","TENERIFE","47660","20","2024-12-08 12:28:59","2024-12-08 12:28:59"
"680","ZAPAYÁN","47675","20","2024-12-08 12:28:59","2024-12-08 12:28:59"
"681","ZONA BANANERA","47745","20","2024-12-08 12:28:59","2024-12-08 12:28:59"
"682","VILLAVICENCIO","50001","21","2024-12-08 12:30:39","2024-12-08 12:30:39"
"683","ACACÍAS","50006","21","2024-12-08 12:30:39","2024-12-08 12:30:39"
"684","BARRANCA DE UPÍA","50110","21","2024-12-08 12:30:39","2024-12-08 12:30:39"
"685","CABUYARO","50124","21","2024-12-08 12:30:39","2024-12-08 12:30:39"
"686","CASTILLA LA NUEVA","50150","21","2024-12-08 12:30:39","2024-12-08 12:30:39"
"687","CUBARRAL","50223","21","2024-12-08 12:30:39","2024-12-08 12:30:39"
"688","CUMARAL","50226","21","2024-12-08 12:30:39","2024-12-08 12:30:39"
"689","EL CALVARIO","50245","21","2024-12-08 12:30:39","2024-12-08 12:30:39"
"690","EL CASTILLO","50251","21","2024-12-08 12:30:39","2024-12-08 12:30:39"
"691","EL DORADO","50270","21","2024-12-08 12:30:39","2024-12-08 12:30:39"
"692","FUENTE DE ORO","50287","21","2024-12-08 12:30:39","2024-12-08 12:30:39"
"693","GRANADA","50313","21","2024-12-08 12:30:39","2024-12-08 12:30:39"
"694","GUAMAL","50318","21","2024-12-08 12:30:39","2024-12-08 12:30:39"
"695","MAPIRIPÁN","50325","21","2024-12-08 12:30:39","2024-12-08 12:30:39"
"696","MESETAS","50330","21","2024-12-08 12:30:39","2024-12-08 12:30:39"
"697","LA MACARENA","50350","21","2024-12-08 12:30:39","2024-12-08 12:30:39"
"698","URIBE","50370","21","2024-12-08 12:30:39","2024-12-08 12:30:39"
"699","LEJANÍAS","50400","21","2024-12-08 12:30:39","2024-12-08 12:30:39"
"700","PUERTO CONCORDIA","50450","21","2024-12-08 12:30:39","2024-12-08 12:30:39"
"701","PUERTO GAITÁN","50568","21","2024-12-08 12:30:39","2024-12-08 12:30:39"
"702","PUERTO LÓPEZ","50573","21","2024-12-08 12:30:39","2024-12-08 12:30:39"
"703","PUERTO LLERAS","50577","21","2024-12-08 12:30:39","2024-12-08 12:30:39"
"704","PUERTO RICO","50590","21","2024-12-08 12:30:39","2024-12-08 12:30:39"
"705","RESTREPO","50606","21","2024-12-08 12:30:39","2024-12-08 12:30:39"
"706","SAN CARLOS DE GUAROA","50680","21","2024-12-08 12:30:39","2024-12-08 12:30:39"
"707","SAN JUAN DE ARAMA","50683","21","2024-12-08 12:30:39","2024-12-08 12:30:39"
"708","SAN JUANITO","50686","21","2024-12-08 12:30:39","2024-12-08 12:30:39"
"709","SAN MARTÍN","50689","21","2024-12-08 12:30:39","2024-12-08 12:30:39"
"710","VISTAHERMOSA","50711","21","2024-12-08 12:30:39","2024-12-08 12:30:39"
"711","PASTO","52001","22","2024-12-08 12:33:03","2024-12-08 12:33:03"
"712","ALBÁN","52019","22","2024-12-08 12:33:03","2024-12-08 12:33:03"
"713","ALDANA","52022","22","2024-12-08 12:33:03","2024-12-08 12:33:03"
"714","ANCUYÁ","52036","22","2024-12-08 12:33:03","2024-12-08 12:33:03"
"715","ARBOLEDA","52051","22","2024-12-08 12:33:03","2024-12-08 12:33:03"
"716","BARBACOAS","52079","22","2024-12-08 12:33:03","2024-12-08 12:33:03"
"717","BELÉN","52083","22","2024-12-08 12:33:03","2024-12-08 12:33:03"
"718","BUESACO","52110","22","2024-12-08 12:33:03","2024-12-08 12:33:03"
"719","COLÓN","52203","22","2024-12-08 12:33:03","2024-12-08 12:33:03"
"720","CONSACA","52207","22","2024-12-08 12:33:03","2024-12-08 12:33:03"
"721","CONTADERO","52210","22","2024-12-08 12:33:03","2024-12-08 12:33:03"
"722","CÓRDOBA","52215","22","2024-12-08 12:33:03","2024-12-08 12:33:03"
"723","CUASPÚD","52224","22","2024-12-08 12:33:03","2024-12-08 12:33:03"
"724","CUMBAL","52227","22","2024-12-08 12:33:03","2024-12-08 12:33:03"
"725","CUMBITARA","52233","22","2024-12-08 12:33:03","2024-12-08 12:33:03"
"726","CHACHAGÜÍ","52240","22","2024-12-08 12:33:03","2024-12-08 12:33:03"
"727","EL CHARCO","52250","22","2024-12-08 12:33:03","2024-12-08 12:33:03"
"728","EL PEÑOL","52254","22","2024-12-08 12:33:03","2024-12-08 12:33:03"
"729","EL ROSARIO","52256","22","2024-12-08 12:33:03","2024-12-08 12:33:03"
"730","EL TABLÓN DE GÓMEZ","52258","22","2024-12-08 12:33:03","2024-12-08 12:33:03"
"731","EL TAMBO","52260","22","2024-12-08 12:33:03","2024-12-08 12:33:03"
"732","FUNES","52287","22","2024-12-08 12:33:03","2024-12-08 12:33:03"
"733","GUACHUCAL","52317","22","2024-12-08 12:33:03","2024-12-08 12:33:03"
"734","GUAITARILLA","52320","22","2024-12-08 12:33:03","2024-12-08 12:33:03"
"735","GUALMATÁN","52323","22","2024-12-08 12:33:03","2024-12-08 12:33:03"
"736","ILES","52352","22","2024-12-08 12:33:03","2024-12-08 12:33:03"
"737","IMUÉS","52354","22","2024-12-08 12:33:03","2024-12-08 12:33:03"
"738","IPIALES","52356","22","2024-12-08 12:33:03","2024-12-08 12:33:03"
"739","LA CRUZ","52378","22","2024-12-08 12:33:03","2024-12-08 12:33:03"
"740","LA FLORIDA","52381","22","2024-12-08 12:33:03","2024-12-08 12:33:03"
"741","LA LLANADA","52385","22","2024-12-08 12:33:03","2024-12-08 12:33:03"
"742","LA TOLA","52390","22","2024-12-08 12:33:03","2024-12-08 12:33:03"
"743","LA UNIÓN","52399","22","2024-12-08 12:33:03","2024-12-08 12:33:03"
"744","LEIVA","52405","22","2024-12-08 12:33:03","2024-12-08 12:33:03"
"745","LINARES","52411","22","2024-12-08 12:33:03","2024-12-08 12:33:03"
"746","LOS ANDES","52418","22","2024-12-08 12:33:03","2024-12-08 12:33:03"
"747","MAGÜÍ","52427","22","2024-12-08 12:33:03","2024-12-08 12:33:03"
"748","MALLAMA","52435","22","2024-12-08 12:33:03","2024-12-08 12:33:03"
"749","MOSQUERA","52473","22","2024-12-08 12:33:03","2024-12-08 12:33:03"
"750","NARIÑO","52480","22","2024-12-08 12:33:03","2024-12-08 12:33:03"
"751","OLAYA HERRERA","52490","22","2024-12-08 12:33:03","2024-12-08 12:33:03"
"752","OSPINA","52506","22","2024-12-08 12:33:03","2024-12-08 12:33:03"
"753","FRANCISCO PIZARRO","52520","22","2024-12-08 12:33:03","2024-12-08 12:33:03"
"754","POLICARPA","52540","22","2024-12-08 12:33:03","2024-12-08 12:33:03"
"755","POTOSÍ","52560","22","2024-12-08 12:33:03","2024-12-08 12:33:03"
"756","PROVIDENCIA","52565","22","2024-12-08 12:33:03","2024-12-08 12:33:03"
"757","PUERRES","52573","22","2024-12-08 12:33:03","2024-12-08 12:33:03"
"758","PUPIALES","52585","22","2024-12-08 12:33:03","2024-12-08 12:33:03"
"759","RICAURTE","52612","22","2024-12-08 12:33:03","2024-12-08 12:33:03"
"760","ROBERTO PAYÁN","52621","22","2024-12-08 12:33:03","2024-12-08 12:33:03"
"761","SAMANIEGO","52678","22","2024-12-08 12:33:03","2024-12-08 12:33:03"
"762","SANDONÁ","52683","22","2024-12-08 12:33:03","2024-12-08 12:33:03"
"763","SAN BERNARDO","52685","22","2024-12-08 12:33:03","2024-12-08 12:33:03"
"764","SAN LORENZO","52687","22","2024-12-08 12:33:03","2024-12-08 12:33:03"
"765","SAN PABLO","52693","22","2024-12-08 12:33:03","2024-12-08 12:33:03"
"766","SAN PEDRO DE CARTAGO","52694","22","2024-12-08 12:33:03","2024-12-08 12:33:03"
"767","SANTA BÁRBARA","52696","22","2024-12-08 12:33:03","2024-12-08 12:33:03"
"768","SANTACRUZ","52699","22","2024-12-08 12:33:03","2024-12-08 12:33:03"
"769","SAPUYES","52720","22","2024-12-08 12:33:03","2024-12-08 12:33:03"
"770","TAMINANGO","52786","22","2024-12-08 12:33:03","2024-12-08 12:33:03"
"771","TANGUA","52788","22","2024-12-08 12:33:03","2024-12-08 12:33:03"
"772","TUMACO","52835","22","2024-12-08 12:33:03","2024-12-08 12:33:03"
"773","TÚQUERRES","52838","22","2024-12-08 12:33:03","2024-12-08 12:33:03"
"774","YACUANQUER","52885","22","2024-12-08 12:33:03","2024-12-08 12:33:03"
"775","CÚCUTA","54001","23","2024-12-08 15:02:39","2024-12-08 15:02:39"
"776","ÁBREGO","54003","23","2024-12-08 15:02:39","2024-12-08 15:02:39"
"777","ARBOLEDAS","54051","23","2024-12-08 15:02:39","2024-12-08 15:02:39"
"778","BOCHALEMA","54099","23","2024-12-08 15:02:39","2024-12-08 15:02:39"
"779","BUCARASICA","54109","23","2024-12-08 15:02:39","2024-12-08 15:02:39"
"780","CÁCOTA","54125","23","2024-12-08 15:02:39","2024-12-08 15:02:39"
"781","CÁCHIRA","54128","23","2024-12-08 15:02:39","2024-12-08 15:02:39"
"782","CHINÁCOTA","54172","23","2024-12-08 15:02:39","2024-12-08 15:02:39"
"783","CHITAGÁ","54174","23","2024-12-08 15:02:39","2024-12-08 15:02:39"
"784","CONVENCIÓN","54206","23","2024-12-08 15:02:39","2024-12-08 15:02:39"
"785","CUCUTILLA","54223","23","2024-12-08 15:02:39","2024-12-08 15:02:39"
"786","DURANIA","54239","23","2024-12-08 15:02:39","2024-12-08 15:02:39"
"787","EL CARMEN","54245","23","2024-12-08 15:02:39","2024-12-08 15:02:39"
"788","EL TARRA","54250","23","2024-12-08 15:02:39","2024-12-08 15:02:39"
"789","EL ZULIA","54261","23","2024-12-08 15:02:39","2024-12-08 15:02:39"
"790","GRAMALOTE","54313","23","2024-12-08 15:02:39","2024-12-08 15:02:39"
"791","HACARÍ","54344","23","2024-12-08 15:02:39","2024-12-08 15:02:39"
"792","HERRÁN","54347","23","2024-12-08 15:02:39","2024-12-08 15:02:39"
"793","LABATECA","54377","23","2024-12-08 15:02:39","2024-12-08 15:02:39"
"794","LA ESPERANZA","54385","23","2024-12-08 15:02:39","2024-12-08 15:02:39"
"795","LA PLAYA","54398","23","2024-12-08 15:02:39","2024-12-08 15:02:39"
"796","LOS PATIOS","54405","23","2024-12-08 15:02:39","2024-12-08 15:02:39"
"797","LOURDES","54418","23","2024-12-08 15:02:39","2024-12-08 15:02:39"
"798","MUTISCUA","54480","23","2024-12-08 15:02:39","2024-12-08 15:02:39"
"799","OCAÑA","54498","23","2024-12-08 15:02:39","2024-12-08 15:02:39"
"800","PAMPLONA","54518","23","2024-12-08 15:02:39","2024-12-08 15:02:39"
"801","PAMPLONITA","54520","23","2024-12-08 15:02:39","2024-12-08 15:02:39"
"802","PUERTO SANTANDER","54553","23","2024-12-08 15:02:39","2024-12-08 15:02:39"
"803","RAGONVALIA","54599","23","2024-12-08 15:02:39","2024-12-08 15:02:39"
"804","SALAZAR","54660","23","2024-12-08 15:02:39","2024-12-08 15:02:39"
"805","SAN CALIXTO","54670","23","2024-12-08 15:02:39","2024-12-08 15:02:39"
"806","SAN CAYETANO","54673","23","2024-12-08 15:02:39","2024-12-08 15:02:39"
"807","SANTIAGO","54680","23","2024-12-08 15:02:39","2024-12-08 15:02:39"
"808","SARDINATA","54720","23","2024-12-08 15:02:39","2024-12-08 15:02:39"
"809","SILOS","54743","23","2024-12-08 15:02:39","2024-12-08 15:02:39"
"810","TEORAMA","54800","23","2024-12-08 15:02:39","2024-12-08 15:02:39"
"811","TIBÚ","54810","23","2024-12-08 15:02:39","2024-12-08 15:02:39"
"812","TOLEDO","54820","23","2024-12-08 15:02:39","2024-12-08 15:02:39"
"813","VILLA CARO","54871","23","2024-12-08 15:02:39","2024-12-08 15:02:39"
"814","VILLA DEL ROSARIO","54874","23","2024-12-08 15:02:39","2024-12-08 15:02:39"
"815","ARMENIA","63001","25","2024-12-08 15:04:04","2024-12-08 15:04:04"
"816","BUENAVISTA","63111","25","2024-12-08 15:04:04","2024-12-08 15:04:04"
"817","CALARCÁ","63130","25","2024-12-08 15:04:04","2024-12-08 15:04:04"
"818","CIRCASIA","63190","25","2024-12-08 15:04:04","2024-12-08 15:04:04"
"819","CÓRDOBA","63212","25","2024-12-08 15:04:04","2024-12-08 15:04:04"
"820","FILANDIA","63272","25","2024-12-08 15:04:04","2024-12-08 15:04:04"
"821","GÉNOVA","63302","25","2024-12-08 15:04:04","2024-12-08 15:04:04"
"822","LA TEBAIDA","63401","25","2024-12-08 15:04:04","2024-12-08 15:04:04"
"823","MONTENEGRO","63470","25","2024-12-08 15:04:04","2024-12-08 15:04:04"
"824","PIJAO","63548","25","2024-12-08 15:04:04","2024-12-08 15:04:04"
"825","QUIMBAYA","63594","25","2024-12-08 15:04:04","2024-12-08 15:04:04"
"826","SALENTO","63690","25","2024-12-08 15:04:04","2024-12-08 15:04:04"
"827","PEREIRA","66001","26","2024-12-08 15:05:39","2024-12-08 15:05:39"
"828","APÍA","66045","26","2024-12-08 15:05:39","2024-12-08 15:05:39"
"829","BALBOA","66075","26","2024-12-08 15:05:39","2024-12-08 15:05:39"
"830","BELÉN DE UMBRÍA","66088","26","2024-12-08 15:05:39","2024-12-08 15:05:39"
"831","DOSQUEBRADAS","66170","26","2024-12-08 15:05:39","2024-12-08 15:05:39"
"832","GUÁTICA","66318","26","2024-12-08 15:05:39","2024-12-08 15:05:39"
"833","LA CELIA","66383","26","2024-12-08 15:05:39","2024-12-08 15:05:39"
"834","LA VIRGINIA","66400","26","2024-12-08 15:05:39","2024-12-08 15:05:39"
"835","MARSELLA","66440","26","2024-12-08 15:05:39","2024-12-08 15:05:39"
"836","MISTRATÓ","66456","26","2024-12-08 15:05:39","2024-12-08 15:05:39"
"837","PUEBLO RICO","66572","26","2024-12-08 15:05:39","2024-12-08 15:05:39"
"838","QUINCHÍA","66594","26","2024-12-08 15:05:39","2024-12-08 15:05:39"
"839","SANTA ROSA DE CABAL","66682","26","2024-12-08 15:05:39","2024-12-08 15:05:39"
"840","SANTUARIO","66687","26","2024-12-08 15:05:39","2024-12-08 15:05:39"
"841","BUCARAMANGA","68001","28","2024-12-08 15:08:20","2024-12-08 15:08:20"
"842","AGUADA","68013","28","2024-12-08 15:08:20","2024-12-08 15:08:20"
"843","ALBANIA","68020","28","2024-12-08 15:08:20","2024-12-08 15:08:20"
"844","ARATOCA","68051","28","2024-12-08 15:08:20","2024-12-08 15:08:20"
"845","BARBOSA","68077","28","2024-12-08 15:08:20","2024-12-08 15:08:20"
"846","BARICHARA","68079","28","2024-12-08 15:08:20","2024-12-08 15:08:20"
"847","BARRANCABERMEJA","68081","28","2024-12-08 15:08:20","2024-12-08 15:08:20"
"848","BETULIA","68092","28","2024-12-08 15:08:20","2024-12-08 15:08:20"
"849","BOLÍVAR","68101","28","2024-12-08 15:08:20","2024-12-08 15:08:20"
"850","CABRERA","68121","28","2024-12-08 15:08:20","2024-12-08 15:08:20"
"851","CALIFORNIA","68132","28","2024-12-08 15:08:20","2024-12-08 15:08:20"
"852","CAPITANEJO","68147","28","2024-12-08 15:08:20","2024-12-08 15:08:20"
"853","CARCASÍ","68152","28","2024-12-08 15:08:20","2024-12-08 15:08:20"
"854","CEPITÁ","68160","28","2024-12-08 15:08:20","2024-12-08 15:08:20"
"855","CERRITO","68162","28","2024-12-08 15:08:20","2024-12-08 15:08:20"
"856","CHARALÁ","68167","28","2024-12-08 15:08:20","2024-12-08 15:08:20"
"857","CHARTA","68169","28","2024-12-08 15:08:20","2024-12-08 15:08:20"
"858","CHIMA","68176","28","2024-12-08 15:08:20","2024-12-08 15:08:20"
"859","CHIPATÁ","68179","28","2024-12-08 15:08:20","2024-12-08 15:08:20"
"860","CIMITARRA","68190","28","2024-12-08 15:08:20","2024-12-08 15:08:20"
"861","CONCEPCIÓN","68207","28","2024-12-08 15:08:20","2024-12-08 15:08:20"
"862","CONFINES","68209","28","2024-12-08 15:08:20","2024-12-08 15:08:20"
"863","CONTRATACIÓN","68211","28","2024-12-08 15:08:20","2024-12-08 15:08:20"
"864","COROMORO","68217","28","2024-12-08 15:08:20","2024-12-08 15:08:20"
"865","CURITÍ","68229","28","2024-12-08 15:08:20","2024-12-08 15:08:20"
"866","EL CARMEN DE CHUCURÍ","68235","28","2024-12-08 15:08:20","2024-12-08 15:08:20"
"867","EL GUACAMAYO","68245","28","2024-12-08 15:08:20","2024-12-08 15:08:20"
"868","EL PEÑÓN","68250","28","2024-12-08 15:08:20","2024-12-08 15:08:20"
"869","EL PLAYÓN","68255","28","2024-12-08 15:08:20","2024-12-08 15:08:20"
"870","ENCINO","68264","28","2024-12-08 15:08:20","2024-12-08 15:08:20"
"871","ENCISO","68266","28","2024-12-08 15:08:20","2024-12-08 15:08:20"
"872","FLORIÁN","68271","28","2024-12-08 15:08:20","2024-12-08 15:08:20"
"873","FLORIDABLANCA","68276","28","2024-12-08 15:08:20","2024-12-08 15:08:20"
"874","GALÁN","68296","28","2024-12-08 15:08:20","2024-12-08 15:08:20"
"875","GÁMBITA","68298","28","2024-12-08 15:08:20","2024-12-08 15:08:20"
"876","GIRÓN","68307","28","2024-12-08 15:08:20","2024-12-08 15:08:20"
"877","GUACA","68318","28","2024-12-08 15:08:20","2024-12-08 15:08:20"
"878","GUADALUPE","68320","28","2024-12-08 15:08:20","2024-12-08 15:08:20"
"879","GUAPOTÁ","68322","28","2024-12-08 15:08:20","2024-12-08 15:08:20"
"880","GUAVATÁ","68324","28","2024-12-08 15:08:20","2024-12-08 15:08:20"
"881","GÜEPSA","68327","28","2024-12-08 15:08:20","2024-12-08 15:08:20"
"882","HATO","68344","28","2024-12-08 15:08:20","2024-12-08 15:08:20"
"883","JESÚS MARÍA","68368","28","2024-12-08 15:08:20","2024-12-08 15:08:20"
"884","JORDÁN","68370","28","2024-12-08 15:08:20","2024-12-08 15:08:20"
"885","LA BELLEZA","68377","28","2024-12-08 15:08:20","2024-12-08 15:08:20"
"886","LANDÁZURI","68385","28","2024-12-08 15:08:20","2024-12-08 15:08:20"
"887","LA PAZ","68397","28","2024-12-08 15:08:20","2024-12-08 15:08:20"
"888","LEBRIJA","68406","28","2024-12-08 15:08:20","2024-12-08 15:08:20"
"889","LOS SANTOS","68418","28","2024-12-08 15:08:20","2024-12-08 15:08:20"
"890","MACARAVITA","68425","28","2024-12-08 15:08:20","2024-12-08 15:08:20"
"891","MÁLAGA","68432","28","2024-12-08 15:08:20","2024-12-08 15:08:20"
"892","MATANZA","68444","28","2024-12-08 15:08:20","2024-12-08 15:08:20"
"893","MOGOTES","68464","28","2024-12-08 15:08:20","2024-12-08 15:08:20"
"894","MOLAGAVITA","68468","28","2024-12-08 15:08:20","2024-12-08 15:08:20"
"895","OCAMONTE","68498","28","2024-12-08 15:08:20","2024-12-08 15:08:20"
"896","OIBA","68500","28","2024-12-08 15:08:20","2024-12-08 15:08:20"
"897","ONZAGA","68502","28","2024-12-08 15:08:20","2024-12-08 15:08:20"
"898","PALMAR","68522","28","2024-12-08 15:08:20","2024-12-08 15:08:20"
"899","PALMAS DEL SOCORRO","68524","28","2024-12-08 15:08:20","2024-12-08 15:08:20"
"900","PÁRAMO","68533","28","2024-12-08 15:08:20","2024-12-08 15:08:20"
"901","PIEDECUESTA","68547","28","2024-12-08 15:08:20","2024-12-08 15:08:20"
"902","PINCHOTE","68549","28","2024-12-08 15:08:20","2024-12-08 15:08:20"
"903","PUENTE NACIONAL","68572","28","2024-12-08 15:08:20","2024-12-08 15:08:20"
"904","PUERTO PARRA","68573","28","2024-12-08 15:08:20","2024-12-08 15:08:20"
"905","PUERTO WILCHES","68575","28","2024-12-08 15:08:20","2024-12-08 15:08:20"
"906","RIONEGRO","68615","28","2024-12-08 15:08:20","2024-12-08 15:08:20"
"907","SABANA DE TORRES","68655","28","2024-12-08 15:08:20","2024-12-08 15:08:20"
"908","SAN ANDRÉS","68669","28","2024-12-08 15:08:20","2024-12-08 15:08:20"
"909","SAN BENITO","68673","28","2024-12-08 15:08:20","2024-12-08 15:08:20"
"910","SAN GIL","68679","28","2024-12-08 15:08:20","2024-12-08 15:08:20"
"911","SAN JOAQUÍN","68682","28","2024-12-08 15:08:20","2024-12-08 15:08:20"
"912","SAN JOSÉ DE MIRANDA","68684","28","2024-12-08 15:08:20","2024-12-08 15:08:20"
"913","SAN MIGUEL","68686","28","2024-12-08 15:08:20","2024-12-08 15:08:20"
"914","SAN VICENTE DE CHUCURÍ","68689","28","2024-12-08 15:08:20","2024-12-08 15:08:20"
"915","SANTA BÁRBARA","68705","28","2024-12-08 15:08:20","2024-12-08 15:08:20"
"916","SANTA HELENA DEL OPÓN","68720","28","2024-12-08 15:08:20","2024-12-08 15:08:20"
"917","SIMACOTA","68745","28","2024-12-08 15:08:20","2024-12-08 15:08:20"
"918","SOCORRO","68755","28","2024-12-08 15:08:20","2024-12-08 15:08:20"
"919","SUAITA","68770","28","2024-12-08 15:08:20","2024-12-08 15:08:20"
"920","SUCRE","68773","28","2024-12-08 15:08:20","2024-12-08 15:08:20"
"921","SURATÁ","68780","28","2024-12-08 15:08:20","2024-12-08 15:08:20"
"922","TONA","68820","28","2024-12-08 15:08:20","2024-12-08 15:08:20"
"923","VALLE DE SAN JOSÉ","68855","28","2024-12-08 15:08:20","2024-12-08 15:08:20"
"924","VÉLEZ","68861","28","2024-12-08 15:08:20","2024-12-08 15:08:20"
"925","VETAS","68867","28","2024-12-08 15:08:20","2024-12-08 15:08:20"
"926","VILLANUEVA","68872","28","2024-12-08 15:08:20","2024-12-08 15:08:20"
"927","ZAPATOCA","68895","28","2024-12-08 15:08:20","2024-12-08 15:08:20"
"928","SINCELEJO","70001","29","2024-12-08 15:09:43","2024-12-08 15:09:43"
"929","BUENAVISTA","70110","29","2024-12-08 15:09:43","2024-12-08 15:09:43"
"930","CAIMITO","70124","29","2024-12-08 15:09:43","2024-12-08 15:09:43"
"931","COLOSÓ","70204","29","2024-12-08 15:09:43","2024-12-08 15:09:43"
"932","COROZAL","70215","29","2024-12-08 15:09:43","2024-12-08 15:09:43"
"933","COVEÑAS","70221","29","2024-12-08 15:09:43","2024-12-08 15:09:43"
"934","CHALÁN","70230","29","2024-12-08 15:09:43","2024-12-08 15:09:43"
"935","EL ROBLE","70233","29","2024-12-08 15:09:43","2024-12-08 15:09:43"
"936","GALERAS","70235","29","2024-12-08 15:09:43","2024-12-08 15:09:43"
"937","GUARANDA","70265","29","2024-12-08 15:09:43","2024-12-08 15:09:43"
"938","LA UNIÓN","70400","29","2024-12-08 15:09:43","2024-12-08 15:09:43"
"939","LOS PALMITOS","70418","29","2024-12-08 15:09:43","2024-12-08 15:09:43"
"940","MAJAGUAL","70429","29","2024-12-08 15:09:43","2024-12-08 15:09:43"
"941","MORROA","70473","29","2024-12-08 15:09:43","2024-12-08 15:09:43"
"942","OVEJAS","70508","29","2024-12-08 15:09:43","2024-12-08 15:09:43"
"943","PALMITO","70523","29","2024-12-08 15:09:43","2024-12-08 15:09:43"
"944","SAMPUÉS","70670","29","2024-12-08 15:09:43","2024-12-08 15:09:43"
"945","SAN BENITO ABAD","70678","29","2024-12-08 15:09:43","2024-12-08 15:09:43"
"946","SAN JUAN DE BETULIA","70702","29","2024-12-08 15:09:43","2024-12-08 15:09:43"
"947","SAN MARCOS","70708","29","2024-12-08 15:09:43","2024-12-08 15:09:43"
"948","SAN ONOFRE","70713","29","2024-12-08 15:09:43","2024-12-08 15:09:43"
"949","SAN PEDRO","70717","29","2024-12-08 15:09:43","2024-12-08 15:09:43"
"950","SANTIAGO DE TOLÚ","70742","29","2024-12-08 15:09:43","2024-12-08 15:09:43"
"951","SINCE","70771","29","2024-12-08 15:09:43","2024-12-08 15:09:43"
"952","SUCRE","70820","29","2024-12-08 15:09:43","2024-12-08 15:09:43"
"953","TOLÚ VIEJO","70823","29","2024-12-08 15:09:43","2024-12-08 15:09:43"
"954","IBAGUÉ","73001","30","2024-12-08 15:11:43","2024-12-08 15:11:43"
"955","ALPUJARRA","73024","30","2024-12-08 15:11:43","2024-12-08 15:11:43"
"956","ALVARADO","73026","30","2024-12-08 15:11:43","2024-12-08 15:11:43"
"957","AMBALEMA","73030","30","2024-12-08 15:11:43","2024-12-08 15:11:43"
"958","ANZOÁTEGUI","73043","30","2024-12-08 15:11:43","2024-12-08 15:11:43"
"959","ARMERO","73055","30","2024-12-08 15:11:43","2024-12-08 15:11:43"
"960","ATACO","73067","30","2024-12-08 15:11:43","2024-12-08 15:11:43"
"961","CAJAMARCA","73124","30","2024-12-08 15:11:43","2024-12-08 15:11:43"
"962","CARMEN DE APICALÁ","73148","30","2024-12-08 15:11:43","2024-12-08 15:11:43"
"963","CASABIANCA","73152","30","2024-12-08 15:11:43","2024-12-08 15:11:43"
"964","CHAPARRAL","73168","30","2024-12-08 15:11:43","2024-12-08 15:11:43"
"965","COELLO","73200","30","2024-12-08 15:11:43","2024-12-08 15:11:43"
"966","COYAIMA","73217","30","2024-12-08 15:11:43","2024-12-08 15:11:43"
"967","CUNDAY","73226","30","2024-12-08 15:11:43","2024-12-08 15:11:43"
"968","DOLORES","73236","30","2024-12-08 15:11:43","2024-12-08 15:11:43"
"969","ESPINAL","73268","30","2024-12-08 15:11:43","2024-12-08 15:11:43"
"970","FALAN","73270","30","2024-12-08 15:11:43","2024-12-08 15:11:43"
"971","FLANDES","73275","30","2024-12-08 15:11:43","2024-12-08 15:11:43"
"972","FRESNO","73283","30","2024-12-08 15:11:43","2024-12-08 15:11:43"
"973","GUAMO","73319","30","2024-12-08 15:11:43","2024-12-08 15:11:43"
"974","HERVEO","73347","30","2024-12-08 15:11:43","2024-12-08 15:11:43"
"975","HONDA","73349","30","2024-12-08 15:11:43","2024-12-08 15:11:43"
"976","ICONONZO","73352","30","2024-12-08 15:11:43","2024-12-08 15:11:43"
"977","LÉRIDA","73408","30","2024-12-08 15:11:43","2024-12-08 15:11:43"
"978","LÍBANO","73411","30","2024-12-08 15:11:43","2024-12-08 15:11:43"
"979","MARIQUITA","73443","30","2024-12-08 15:11:43","2024-12-08 15:11:43"
"980","MELGAR","73449","30","2024-12-08 15:11:43","2024-12-08 15:11:43"
"981","MURILLO","73461","30","2024-12-08 15:11:43","2024-12-08 15:11:43"
"982","NATAGAIMA","73483","30","2024-12-08 15:11:43","2024-12-08 15:11:43"
"983","ORTEGA","73504","30","2024-12-08 15:11:43","2024-12-08 15:11:43"
"984","PALOCABILDO","73520","30","2024-12-08 15:11:43","2024-12-08 15:11:43"
"985","PIEDRAS","73547","30","2024-12-08 15:11:43","2024-12-08 15:11:43"
"986","PLANADAS","73555","30","2024-12-08 15:11:43","2024-12-08 15:11:43"
"987","PRADO","73563","30","2024-12-08 15:11:43","2024-12-08 15:11:43"
"988","PURIFICACIÓN","73585","30","2024-12-08 15:11:43","2024-12-08 15:11:43"
"989","RIOBLANCO","73616","30","2024-12-08 15:11:43","2024-12-08 15:11:43"
"990","RONCESVALLES","73622","30","2024-12-08 15:11:43","2024-12-08 15:11:43"
"991","ROVIRA","73624","30","2024-12-08 15:11:43","2024-12-08 15:11:43"
"992","SALDAÑA","73671","30","2024-12-08 15:11:43","2024-12-08 15:11:43"
"993","SAN ANTONIO","73675","30","2024-12-08 15:11:43","2024-12-08 15:11:43"
"994","SANTA ISABEL","73678","30","2024-12-08 15:11:43","2024-12-08 15:11:43"
"995","SUÁREZ","73686","30","2024-12-08 15:11:43","2024-12-08 15:11:43"
"996","VALLE DE SAN JUAN","73770","30","2024-12-08 15:11:43","2024-12-08 15:11:43"
"997","VENADILLO","73793","30","2024-12-08 15:11:43","2024-12-08 15:11:43"
"998","VILLAHERMOSA","73854","30","2024-12-08 15:11:43","2024-12-08 15:11:43"
"999","VILLARRICA","73861","30","2024-12-08 15:11:43","2024-12-08 15:11:43"
"1000","CALI","76001","31","2024-12-08 15:13:37","2024-12-08 15:13:37"
"1001","ALCALÁ","76020","31","2024-12-08 15:13:37","2024-12-08 15:13:37"
"1002","ANDALUCÍA","76036","31","2024-12-08 15:13:37","2024-12-08 15:13:37"
"1003","ANSERMANUEVO","76041","31","2024-12-08 15:13:37","2024-12-08 15:13:37"
"1004","ARGELIA","76054","31","2024-12-08 15:13:37","2024-12-08 15:13:37"
"1005","BOLÍVAR","76100","31","2024-12-08 15:13:37","2024-12-08 15:13:37"
"1006","BUENAVENTURA","76109","31","2024-12-08 15:13:37","2024-12-08 15:13:37"
"1007","GUADALAJARA DE BUGA","76111","31","2024-12-08 15:13:37","2024-12-08 15:13:37"
"1008","BUGALAGRANDE","76113","31","2024-12-08 15:13:37","2024-12-08 15:13:37"
"1009","CAICEDONIA","76122","31","2024-12-08 15:13:37","2024-12-08 15:13:37"
"1010","CALIMA","76126","31","2024-12-08 15:13:37","2024-12-08 15:13:37"
"1011","CANDELARIA","76130","31","2024-12-08 15:13:37","2024-12-08 15:13:37"
"1012","CARTAGO","76147","31","2024-12-08 15:13:37","2024-12-08 15:13:37"
"1013","DAGUA","76233","31","2024-12-08 15:13:37","2024-12-08 15:13:37"
"1014","EL ÁGUILA","76243","31","2024-12-08 15:13:37","2024-12-08 15:13:37"
"1015","EL CAIRO","76246","31","2024-12-08 15:13:37","2024-12-08 15:13:37"
"1016","EL CERRITO","76248","31","2024-12-08 15:13:37","2024-12-08 15:13:37"
"1017","EL DOVIO","76250","31","2024-12-08 15:13:37","2024-12-08 15:13:37"
"1018","FLORIDA","76275","31","2024-12-08 15:13:37","2024-12-08 15:13:37"
"1019","GINEBRA","76306","31","2024-12-08 15:13:37","2024-12-08 15:13:37"
"1020","GUACARÍ","76318","31","2024-12-08 15:13:37","2024-12-08 15:13:37"
"1021","JAMUNDÍ","76364","31","2024-12-08 15:13:37","2024-12-08 15:13:37"
"1022","LA CUMBRE","76377","31","2024-12-08 15:13:37","2024-12-08 15:13:37"
"1023","LA UNIÓN","76400","31","2024-12-08 15:13:37","2024-12-08 15:13:37"
"1024","LA VICTORIA","76403","31","2024-12-08 15:13:37","2024-12-08 15:13:37"
"1025","OBANDO","76497","31","2024-12-08 15:13:37","2024-12-08 15:13:37"
"1026","PALMIRA","76520","31","2024-12-08 15:13:37","2024-12-08 15:13:37"
"1027","PRADERA","76563","31","2024-12-08 15:13:37","2024-12-08 15:13:37"
"1028","RESTREPO","76606","31","2024-12-08 15:13:37","2024-12-08 15:13:37"
"1029","RIOFRÍO","76616","31","2024-12-08 15:13:37","2024-12-08 15:13:37"
"1030","ROLDANILLO","76622","31","2024-12-08 15:13:37","2024-12-08 15:13:37"
"1031","SAN PEDRO","76670","31","2024-12-08 15:13:37","2024-12-08 15:13:37"
"1032","SEVILLA","76736","31","2024-12-08 15:13:37","2024-12-08 15:13:37"
"1033","TORO","76823","31","2024-12-08 15:13:37","2024-12-08 15:13:37"
"1034","TRUJILLO","76828","31","2024-12-08 15:13:37","2024-12-08 15:13:37"
"1035","TULUÁ","76834","31","2024-12-08 15:13:37","2024-12-08 15:13:37"
"1036","ULLOA","76845","31","2024-12-08 15:13:37","2024-12-08 15:13:37"
"1037","VERSALLES","76863","31","2024-12-08 15:13:37","2024-12-08 15:13:37"
"1038","VIJES","76869","31","2024-12-08 15:13:37","2024-12-08 15:13:37"
"1039","YOTOCO","76890","31","2024-12-08 15:13:37","2024-12-08 15:13:37"
"1040","YUMBO","76892","31","2024-12-08 15:13:37","2024-12-08 15:13:37"
"1041","ZARZAL","76895","31","2024-12-08 15:13:37","2024-12-08 15:13:37"
"1042","ARAUCA","81001","3","2024-12-08 15:15:09","2024-12-08 15:15:09"
"1043","ARAUQUITA","81065","3","2024-12-08 15:15:09","2024-12-08 15:15:09"
"1044","CRAVO NORTE","81220","3","2024-12-08 15:15:09","2024-12-08 15:15:09"
"1045","FORTUL","81300","3","2024-12-08 15:15:09","2024-12-08 15:15:09"
"1046","PUERTO RONDÓN","81591","3","2024-12-08 15:15:09","2024-12-08 15:15:09"
"1047","SARAVENA","81736","3","2024-12-08 15:15:09","2024-12-08 15:15:09"
"1048","TAME","81794","3","2024-12-08 15:15:09","2024-12-08 15:15:09"
"1049","YOPAL","85001","10","2024-12-08 15:16:46","2024-12-08 15:16:46"
"1050","AGUAZUL","85010","10","2024-12-08 15:16:46","2024-12-08 15:16:46"
"1051","CHÁMEZA","85015","10","2024-12-08 15:16:46","2024-12-08 15:16:46"
"1052","HATO COROZAL","85125","10","2024-12-08 15:16:46","2024-12-08 15:16:46"
"1053","LA SALINA","85136","10","2024-12-08 15:16:46","2024-12-08 15:16:46"
"1054","MANÍ","85139","10","2024-12-08 15:16:46","2024-12-08 15:16:46"
"1055","MONTERREY","85162","10","2024-12-08 15:16:46","2024-12-08 15:16:46"
"1056","NUNCHÍA","85225","10","2024-12-08 15:16:46","2024-12-08 15:16:46"
"1057","OROCUÉ","85230","10","2024-12-08 15:16:46","2024-12-08 15:16:46"
"1058","PAZ DE ARIPORO","85250","10","2024-12-08 15:16:46","2024-12-08 15:16:46"
"1059","PORE","85263","10","2024-12-08 15:16:46","2024-12-08 15:16:46"
"1060","RECETOR","85279","10","2024-12-08 15:16:46","2024-12-08 15:16:46"
"1061","SABANALARGA","85300","10","2024-12-08 15:16:46","2024-12-08 15:16:46"
"1062","SÁCAMA","85315","10","2024-12-08 15:16:46","2024-12-08 15:16:46"
"1063","SAN LUIS DE PALENQUE","85325","10","2024-12-08 15:16:46","2024-12-08 15:16:46"
"1064","TÁMARA","85400","10","2024-12-08 15:16:46","2024-12-08 15:16:46"
"1065","TAURAMENA","85410","10","2024-12-08 15:16:46","2024-12-08 15:16:46"
"1066","TRINIDAD","85430","10","2024-12-08 15:16:46","2024-12-08 15:16:46"
"1067","VILLANUEVA","85440","10","2024-12-08 15:16:46","2024-12-08 15:16:46"
"1068","MOCOA","86001","24","2024-12-08 15:19:13","2024-12-08 15:19:13"
"1069","COLÓN","86219","24","2024-12-08 15:19:13","2024-12-08 15:19:13"
"1070","ORITO","86320","24","2024-12-08 15:19:13","2024-12-08 15:19:13"
"1071","PUERTO ASÍS","86568","24","2024-12-08 15:19:13","2024-12-08 15:19:13"
"1072","PUERTO CAICEDO","86569","24","2024-12-08 15:19:13","2024-12-08 15:19:13"
"1073","PUERTO GUZMÁN","86571","24","2024-12-08 15:19:13","2024-12-08 15:19:13"
"1074","LEGUIZAMO","86573","24","2024-12-08 15:19:13","2024-12-08 15:19:13"
"1075","SIBUNDOY","86749","24","2024-12-08 15:19:13","2024-12-08 15:19:13"
"1076","SAN FRANCISCO","86755","24","2024-12-08 15:19:13","2024-12-08 15:19:13"
"1077","SAN MIGUEL","86757","24","2024-12-08 15:19:13","2024-12-08 15:19:13"
"1078","SANTIAGO","86760","24","2024-12-08 15:19:13","2024-12-08 15:19:13"
"1079","VALLE DEL GUAMUEZ","86865","24","2024-12-08 15:19:13","2024-12-08 15:19:13"
"1080","VILLAGARZÓN","86885","24","2024-12-08 15:19:13","2024-12-08 15:19:13"
"1081","SAN ANDRÉS","88001","27","2024-12-08 15:20:36","2024-12-08 15:20:36"
"1082","PROVIDENCIA","88564","27","2024-12-08 15:20:36","2024-12-08 15:20:36"
"1083","LETICIA","91001","1","2024-12-08 15:23:47","2024-12-08 15:23:47"
"1084","EL ENCANTO","91263","1","2024-12-08 15:23:47","2024-12-08 15:23:47"
"1085","LA CHORRERA","91405","1","2024-12-08 15:23:47","2024-12-08 15:23:47"
"1086","LA PEDRERA","91407","1","2024-12-08 15:23:47","2024-12-08 15:23:47"
"1087","LA VICTORIA","91430","1","2024-12-08 15:23:47","2024-12-08 15:23:47"
"1088","MIRITI - PARANÁ","91460","1","2024-12-08 15:23:47","2024-12-08 15:23:47"
"1089","PUERTO ALEGRÍA","91530","1","2024-12-08 15:23:47","2024-12-08 15:23:47"
"1090","PUERTO ARICA","91536","1","2024-12-08 15:23:47","2024-12-08 15:23:47"
"1091","PUERTO NARIÑO","91540","1","2024-12-08 15:23:47","2024-12-08 15:23:47"
"1092","PUERTO SANTANDER","91669","1","2024-12-08 15:23:47","2024-12-08 15:23:47"
"1093","TARAPACÁ","91798","1","2024-12-08 15:23:47","2024-12-08 15:23:47"
"1094","INÍRIDA","94001","16","2024-12-08 15:25:41","2024-12-08 15:25:41"
"1095","BARRANCO MINAS","94343","16","2024-12-08 15:25:41","2024-12-08 15:25:41"
"1096","MAPIRIPANA","94663","16","2024-12-08 15:25:41","2024-12-08 15:25:41"
"1097","SAN FELIPE","94883","16","2024-12-08 15:25:41","2024-12-08 15:25:41"
"1098","PUERTO COLOMBIA","94884","16","2024-12-08 15:25:41","2024-12-08 15:25:41"
"1099","LA GUADALUPE","94885","16","2024-12-08 15:25:41","2024-12-08 15:25:41"
"1100","CACAHUAL","94886","16","2024-12-08 15:25:41","2024-12-08 15:25:41"
"1101","PANA PANA","94887","16","2024-12-08 15:25:41","2024-12-08 15:25:41"
"1102","MORICHAL","94888","16","2024-12-08 15:25:41","2024-12-08 15:25:41"
"1103","SAN JOSÉ DEL GUAVIARE","95001","17","2024-12-08 15:27:27","2024-12-08 15:27:27"
"1104","CALAMAR","95015","17","2024-12-08 15:27:27","2024-12-08 15:27:27"
"1105","EL RETORNO","95025","17","2024-12-08 15:27:27","2024-12-08 15:27:27"
"1106","MIRAFLORES","95200","17","2024-12-08 15:27:27","2024-12-08 15:27:27"
"1107","MITÚ","97001","32","2024-12-08 15:29:04","2024-12-08 15:29:04"
"1108","CARURU","97161","32","2024-12-08 15:29:04","2024-12-08 15:29:04"
"1109","PACOA","97511","32","2024-12-08 15:29:04","2024-12-08 15:29:04"
"1110","TARAIRA","97666","32","2024-12-08 15:29:04","2024-12-08 15:29:04"
"1111","PAPUNAHUA","97777","32","2024-12-08 15:29:04","2024-12-08 15:29:04"
"1112","YAVARATÉ","97889","32","2024-12-08 15:29:04","2024-12-08 15:29:04"
"1113","PUERTO CARREÑO","99001","33","2024-12-08 15:30:25","2024-12-08 15:30:25"
"1114","LA PRIMAVERA","99524","33","2024-12-08 15:30:25","2024-12-08 15:30:25"
"1115","SANTA ROSALÍA","99624","33","2024-12-08 15:30:25","2024-12-08 15:30:25"
"1116","CUMARIBO","99773","33","2024-12-08 15:30:25","2024-12-08 15:30:25"
